-- phpMyAdmin SQL Dump
-- version 5.2.1
-- https://www.phpmyadmin.net/
--
-- Host: 127.0.0.1
-- Waktu pembuatan: 28 Jun 2024 pada 06.06
-- Versi server: 10.4.32-MariaDB
-- Versi PHP: 8.2.12

SET SQL_MODE = "NO_AUTO_VALUE_ON_ZERO";
START TRANSACTION;
SET time_zone = "+00:00";


/*!40101 SET @OLD_CHARACTER_SET_CLIENT=@@CHARACTER_SET_CLIENT */;
/*!40101 SET @OLD_CHARACTER_SET_RESULTS=@@CHARACTER_SET_RESULTS */;
/*!40101 SET @OLD_COLLATION_CONNECTION=@@COLLATION_CONNECTION */;
/*!40101 SET NAMES utf8mb4 */;

--
-- Database: `fasttravel`
--

-- --------------------------------------------------------

--
-- Struktur dari tabel `route`
--

CREATE TABLE `route` (
  `idRoute` int(11) NOT NULL,
  `idTransport` int(11) NOT NULL,
  `routeName` varchar(255) NOT NULL,
  `Origin` varchar(255) NOT NULL,
  `Destination` varchar(255) NOT NULL
) ENGINE=InnoDB DEFAULT CHARSET=utf8mb4 COLLATE=utf8mb4_general_ci;

--
-- Dumping data untuk tabel `route`
--

INSERT INTO `route` (`idRoute`, `idTransport`, `routeName`, `Origin`, `Destination`) VALUES
(1, 1, 'GRD/JKT/SBY', 'Jakarta', 'Surabaya'),
(2, 1, 'GRD/SBY/JKT', 'Surabaya', 'Jakarta'),
(3, 1, 'GRD/DPS/UPG', 'Denpasar', 'Makassar'),
(4, 1, 'GRD/UPG/MDC', 'Makassar', 'Manado'),
(5, 1, 'GRD/MDC/MES', 'Manado', 'Medan'),
(6, 1, 'GRD/MES/PDG', 'Medan', 'Padang'),
(7, 1, 'GRD/PDG/PLM', 'Padang', 'Palembang'),
(8, 1, 'GRD/PLM/BTH', 'Palembang', 'Batam'),
(9, 1, 'GRD/BTH/BDO', 'Batam', 'Bandung'),
(10, 1, 'GRD/BDO/YIA', 'Bandung', 'Yogyakarta'),
(11, 2, 'CTL/BDO/YIA', 'Bandung', 'Yogyakarta'),
(12, 2, 'CTL/JKT/DPS', 'Jakarta', 'Denpasar'),
(13, 2, 'CTL/SBY/BPN', 'Surabaya', 'Balikpapan'),
(14, 2, 'CTL/MES/SRG', 'Medan', 'Semarang'),
(15, 2, 'CTL/UPG/MDC', 'Makassar', 'Manado'),
(16, 2, 'CTL/BPN/PLM', 'Balikpapan', 'Palembang'),
(17, 3, 'LNA/BDO/YIA', 'Bandung', 'Yogyakarta'),
(18, 3, 'LNA/JKT/DPS', 'Jakarta', 'Denpasar'),
(19, 3, 'LNA/SBY/BPN', 'Surabaya', 'Balikpapan'),
(20, 3, 'LNA/MES/SRG', 'Medan', 'Semarang'),
(21, 3, 'LNA/UPG/MDC', 'Makassar', 'Manado'),
(22, 4, 'BTK/BDO/YIA', 'Bandung', 'Yogyakarta'),
(23, 4, 'BTK/JKT/DPS', 'Jakarta', 'Denpasar'),
(24, 4, 'BTK/SBY/BPN', 'Surabaya', 'Balikpapan'),
(25, 4, 'BTK/MES/SRG', 'Medan', 'Semarang'),
(26, 4, 'BTK/UPG/MDC', 'Makassar', 'Manado'),
(27, 5, 'ACN/SRG/JKT', 'Semarang', 'Jakarta'),
(28, 5, 'ACN/BDO/SBY', 'Bandung', 'Surabaya'),
(29, 5, 'ACN/JKT/SMG', 'Jakarta', 'Semarang'),
(30, 5, 'ACN/SBY/YIA', 'Surabaya', 'Yogyakarta'),
(31, 6, 'ASD/SRG/JKT', 'Semarang', 'Jakarta'),
(32, 6, 'ASD/JKT/BDO', 'Jakarta', 'Bandung'),
(33, 6, 'ASD/BDO/YIA', 'Bandung', 'Yogyakarta'),
(34, 6, 'ASD/YIA/SBY', 'Yogyakarta', 'Surabaya'),
(35, 7, 'ABA/SRG/JKT', 'Semarang', 'Jakarta'),
(36, 7, 'ABA/JKT/BDO', 'Jakarta', 'Bandung'),
(37, 7, 'ABA/BDO/YIA', 'Bandung', 'Yogyakarta'),
(38, 7, 'ABA/YIA/SBY', 'Yogyakarta', 'Surabaya'),
(39, 8, 'RSI/SRG/JKT', 'Semarang', 'Jakarta'),
(40, 8, 'RSI/JKT/BDO', 'Jakarta', 'Bandung'),
(41, 8, 'RSI/BDO/YIA', 'Bandung', 'Yogyakarta'),
(42, 8, 'RSI/YIA/SBY', 'Yogyakarta', 'Surabaya'),
(43, 9, 'HRY/SRG/JKT', 'Semarang', 'Jakarta'),
(44, 9, 'HRY/JKT/BDO', 'Jakarta', 'Bandung'),
(45, 9, 'HRY/BDO/YIA', 'Bandung', 'Yogyakarta'),
(46, 9, 'HRY/YIA/SBY', 'Yogyakarta', 'Surabaya'),
(47, 9, 'HRY/SRG/JKT', 'Semarang', 'Jakarta'),
(48, 9, 'HRY/JKT/BDO', 'Jakarta', 'Bandung'),
(49, 9, 'HRY/BDO/YIA', 'Bandung', 'Yogyakarta'),
(50, 9, 'HRY/YIA/SBY', 'Yogyakarta', 'Surabaya'),
(51, 10, 'HRJ/SRG/JKT', 'Semarang', 'Jakarta'),
(52, 10, 'HRJ/JKT/BDO', 'Jakarta', 'Bandung'),
(53, 10, 'HRJ/BDO/YIA', 'Bandung', 'Yogyakarta'),
(54, 10, 'HRJ/YIA/SBY', 'Yogyakarta', 'Surabaya'),
(55, 11, 'SAN/SRG/JKT', 'Semarang', 'Jakarta'),
(56, 11, 'SAN/JKT/BDO', 'Jakarta', 'Bandung'),
(57, 11, 'SAN/BDO/YIA', 'Bandung', 'Yogyakarta'),
(58, 11, 'SAN/YIA/SBY', 'Yogyakarta', 'Surabaya'),
(59, 11, 'SRY/SRG/JKT', 'Semarang', 'Jakarta'),
(60, 11, 'SRY/JKT/BDO', 'Jakarta', 'Bandung'),
(61, 11, 'SRY/BDO/YIA', 'Bandung', 'Yogyakarta'),
(62, 11, 'SRY/YIA/SBY', 'Yogyakarta', 'Surabaya');

-- --------------------------------------------------------

--
-- Struktur dari tabel `schedule`
--

CREATE TABLE `schedule` (
  `idSchedule` int(11) NOT NULL,
  `idRoute` int(11) NOT NULL,
  `scheduleName` varchar(255) NOT NULL,
  `stock` int(11) NOT NULL,
  `price` int(11) NOT NULL,
  `depatureDate` datetime NOT NULL,
  `arrivalDate` datetime NOT NULL
) ENGINE=InnoDB DEFAULT CHARSET=utf8mb4 COLLATE=utf8mb4_general_ci;

--
-- Dumping data untuk tabel `schedule`
--

INSERT INTO `schedule` (`idSchedule`, `idRoute`, `scheduleName`, `stock`, `price`, `depatureDate`, `arrivalDate`) VALUES
(1, 19, 'Schedule-127', 39, 1120282, '2024-07-13 22:26:57', '2024-07-14 23:34:13'),
(2, 44, 'Schedule-411', 26, 1599649, '2024-07-05 23:13:57', '2024-07-07 17:20:08'),
(3, 27, 'Schedule-518', 28, 2913531, '2024-07-16 10:44:49', '2024-07-16 11:56:35'),
(4, 19, 'Schedule-872', 22, 1204232, '2024-07-24 08:50:48', '2024-07-27 07:59:12'),
(5, 5, 'Schedule-639', 1, 2506352, '2024-07-19 07:55:51', '2024-07-22 06:41:15'),
(6, 33, 'Schedule-253', 44, 2669662, '2024-07-12 19:28:48', '2024-07-14 09:47:06'),
(7, 39, 'Schedule-948', 2, 2792479, '2024-07-02 16:29:18', '2024-07-05 04:20:49'),
(8, 16, 'Schedule-996', 18, 1723273, '2024-07-27 06:52:23', '2024-07-30 05:36:05'),
(9, 48, 'Schedule-485', 11, 109433, '2024-06-30 22:51:04', '2024-07-03 20:24:20'),
(10, 20, 'Schedule-501', 18, 1802930, '2024-07-08 04:35:55', '2024-07-10 12:59:42'),
(11, 34, 'Schedule-559', 30, 1020725, '2024-07-10 16:29:44', '2024-07-12 02:00:23'),
(12, 62, 'Schedule-167', 43, 2882416, '2024-07-07 21:36:28', '2024-07-08 23:01:46'),
(13, 61, 'Schedule-254', 6, 2677672, '2024-07-02 01:24:19', '2024-07-02 10:13:29'),
(14, 4, 'Schedule-759', 46, 2936337, '2024-07-19 10:46:37', '2024-07-21 03:14:24'),
(15, 59, 'Schedule-135', 16, 1211502, '2024-07-27 04:44:55', '2024-07-28 16:14:03'),
(16, 26, 'Schedule-161', 7, 2775213, '2024-07-08 17:12:14', '2024-07-10 23:53:39'),
(17, 40, 'Schedule-410', 2, 1334441, '2024-07-12 21:43:50', '2024-07-13 09:22:17'),
(18, 43, 'Schedule-361', 43, 458274, '2024-07-04 12:16:00', '2024-07-06 07:20:43'),
(19, 1, 'Schedule-907', 32, 1757083, '2024-07-19 02:24:08', '2024-07-20 06:11:51'),
(20, 27, 'Schedule-519', 37, 2364697, '2024-07-07 14:33:27', '2024-07-10 07:47:11'),
(21, 46, 'Schedule-881', 39, 1296521, '2024-07-07 22:27:58', '2024-07-09 02:54:16'),
(22, 32, 'Schedule-507', 16, 1934285, '2024-07-10 05:08:54', '2024-07-12 00:49:15'),
(23, 18, 'Schedule-25', 26, 2577889, '2024-07-17 07:46:05', '2024-07-18 15:37:23'),
(24, 12, 'Schedule-92', 25, 141013, '2024-07-24 07:12:07', '2024-07-26 18:18:23'),
(25, 9, 'Schedule-292', 28, 348020, '2024-07-23 05:02:30', '2024-07-24 03:21:08'),
(26, 10, 'Schedule-110', 19, 235163, '2024-07-02 21:15:54', '2024-07-03 00:57:50'),
(27, 49, 'Schedule-553', 10, 397753, '2024-07-02 11:49:09', '2024-07-03 04:41:02'),
(28, 37, 'Schedule-66', 28, 1047454, '2024-07-18 23:35:08', '2024-07-21 17:57:32'),
(29, 20, 'Schedule-197', 18, 747900, '2024-06-29 21:56:30', '2024-07-02 05:06:34'),
(30, 55, 'Schedule-97', 49, 725693, '2024-07-03 11:00:27', '2024-07-05 04:36:30'),
(31, 50, 'Schedule-932', 31, 1103796, '2024-07-02 00:19:43', '2024-07-02 02:47:33'),
(32, 42, 'Schedule-878', 10, 529151, '2024-07-18 05:55:33', '2024-07-21 04:31:54'),
(33, 35, 'Schedule-738', 30, 900274, '2024-07-08 03:36:43', '2024-07-09 23:01:34'),
(34, 60, 'Schedule-139', 21, 654221, '2024-07-06 14:15:45', '2024-07-08 09:22:07'),
(35, 50, 'Schedule-474', 33, 1249224, '2024-07-17 14:23:49', '2024-07-17 22:54:56'),
(36, 27, 'Schedule-227', 8, 148494, '2024-07-25 12:09:29', '2024-07-25 16:49:54'),
(37, 47, 'Schedule-57', 10, 399035, '2024-07-28 15:43:11', '2024-07-29 20:38:49'),
(38, 46, 'Schedule-869', 42, 868405, '2024-06-30 07:33:51', '2024-07-03 04:08:23'),
(39, 39, 'Schedule-566', 5, 1246296, '2024-07-11 15:11:51', '2024-07-12 17:34:52'),
(40, 34, 'Schedule-31', 28, 2815798, '2024-07-11 01:01:20', '2024-07-11 02:26:30'),
(41, 58, 'Schedule-552', 49, 1991323, '2024-07-01 00:52:50', '2024-07-01 20:16:41'),
(42, 58, 'Schedule-106', 48, 1977901, '2024-06-30 19:27:47', '2024-07-03 12:52:45'),
(43, 60, 'Schedule-467', 44, 2069934, '2024-07-06 11:02:23', '2024-07-06 19:24:20'),
(44, 23, 'Schedule-597', 36, 1986948, '2024-07-23 16:42:02', '2024-07-26 06:36:49'),
(45, 9, 'Schedule-229', 29, 536330, '2024-07-26 04:12:46', '2024-07-26 04:29:56'),
(46, 13, 'Schedule-834', 33, 2802393, '2024-07-20 12:26:24', '2024-07-21 04:53:49'),
(47, 21, 'Schedule-991', 18, 634034, '2024-07-10 19:57:39', '2024-07-13 05:41:52'),
(48, 13, 'Schedule-362', 45, 2946371, '2024-07-23 09:16:10', '2024-07-23 23:16:25'),
(49, 36, 'Schedule-41', 44, 1532013, '2024-07-28 01:42:02', '2024-07-29 09:25:31'),
(50, 21, 'Schedule-212', 23, 416822, '2024-07-14 20:08:03', '2024-07-16 21:11:09'),
(51, 41, 'Schedule-464', 27, 2167663, '2024-07-02 00:54:00', '2024-07-04 07:53:15'),
(52, 50, 'Schedule-268', 47, 2467885, '2024-07-19 18:43:58', '2024-07-22 03:33:19'),
(53, 7, 'Schedule-427', 26, 1584301, '2024-07-02 04:45:36', '2024-07-02 13:29:27'),
(54, 31, 'Schedule-334', 14, 2272065, '2024-07-24 07:09:46', '2024-07-25 14:12:59'),
(55, 16, 'Schedule-678', 11, 1714283, '2024-07-11 17:36:07', '2024-07-12 16:23:37'),
(56, 19, 'Schedule-596', 26, 717834, '2024-07-26 22:51:16', '2024-07-27 14:15:47'),
(57, 26, 'Schedule-206', 45, 397238, '2024-07-07 11:23:56', '2024-07-09 20:20:07'),
(58, 53, 'Schedule-702', 48, 830287, '2024-07-09 20:50:20', '2024-07-10 05:46:59'),
(59, 15, 'Schedule-21', 11, 1862574, '2024-07-25 09:07:25', '2024-07-27 17:28:52'),
(60, 50, 'Schedule-286', 30, 1255600, '2024-07-14 06:50:12', '2024-07-15 11:34:05'),
(61, 42, 'Schedule-508', 24, 423852, '2024-07-04 01:07:53', '2024-07-05 09:04:11'),
(62, 51, 'Schedule-27', 48, 940092, '2024-07-04 16:14:19', '2024-07-05 14:16:01'),
(63, 59, 'Schedule-529', 43, 1032173, '2024-07-24 12:21:17', '2024-07-26 09:43:10'),
(64, 12, 'Schedule-439', 26, 891515, '2024-07-22 18:37:42', '2024-07-25 17:29:53'),
(65, 5, 'Schedule-299', 38, 1287057, '2024-07-04 03:55:49', '2024-07-06 14:19:41'),
(66, 61, 'Schedule-420', 17, 600783, '2024-07-24 02:27:29', '2024-07-26 11:21:49'),
(67, 21, 'Schedule-106', 12, 2736756, '2024-07-15 21:09:41', '2024-07-16 09:35:20'),
(68, 10, 'Schedule-672', 41, 853299, '2024-06-30 21:02:23', '2024-07-01 20:11:48'),
(69, 30, 'Schedule-842', 22, 2620422, '2024-07-08 02:25:24', '2024-07-08 07:22:06'),
(70, 37, 'Schedule-411', 5, 1631390, '2024-07-18 15:44:54', '2024-07-20 14:20:39'),
(71, 3, 'Schedule-299', 49, 1270257, '2024-07-21 11:25:50', '2024-07-22 01:09:27'),
(72, 24, 'Schedule-124', 25, 1306435, '2024-07-28 14:05:31', '2024-07-29 19:03:36'),
(73, 35, 'Schedule-874', 9, 2290687, '2024-07-01 14:15:33', '2024-07-03 11:18:27'),
(74, 61, 'Schedule-938', 15, 2694911, '2024-07-17 00:46:03', '2024-07-18 01:53:49'),
(75, 26, 'Schedule-378', 18, 2273657, '2024-06-30 13:04:17', '2024-07-01 09:17:50'),
(76, 25, 'Schedule-932', 8, 2780576, '2024-07-08 15:43:05', '2024-07-09 16:15:45'),
(77, 28, 'Schedule-117', 25, 2012111, '2024-07-08 22:24:46', '2024-07-10 21:14:13'),
(78, 25, 'Schedule-394', 39, 2805377, '2024-07-09 18:50:09', '2024-07-12 11:30:35'),
(79, 12, 'Schedule-895', 41, 1637826, '2024-07-24 01:39:51', '2024-07-25 14:20:20'),
(80, 17, 'Schedule-975', 8, 2439591, '2024-07-12 14:12:38', '2024-07-12 20:21:18'),
(81, 50, 'Schedule-120', 40, 1522880, '2024-07-17 12:59:56', '2024-07-20 11:19:35'),
(82, 9, 'Schedule-93', 10, 1015833, '2024-07-26 20:07:16', '2024-07-29 13:47:26'),
(83, 11, 'Schedule-962', 12, 2003581, '2024-07-19 11:29:28', '2024-07-21 07:29:48'),
(84, 26, 'Schedule-19', 48, 2865948, '2024-07-10 07:40:34', '2024-07-12 08:04:13'),
(85, 7, 'Schedule-804', 29, 1311147, '2024-07-22 21:26:48', '2024-07-24 09:39:35'),
(86, 54, 'Schedule-14', 35, 867801, '2024-07-28 17:33:52', '2024-07-29 16:40:32'),
(87, 61, 'Schedule-722', 41, 1118743, '2024-07-05 04:17:15', '2024-07-05 15:16:17'),
(88, 26, 'Schedule-731', 23, 2783305, '2024-07-26 07:05:52', '2024-07-28 11:26:23'),
(89, 48, 'Schedule-116', 18, 2296631, '2024-07-13 22:24:32', '2024-07-16 17:36:03'),
(90, 11, 'Schedule-849', 48, 120149, '2024-07-13 13:00:11', '2024-07-15 21:02:24'),
(91, 41, 'Schedule-178', 25, 2095535, '2024-07-28 17:18:01', '2024-07-29 08:53:55'),
(92, 48, 'Schedule-894', 16, 970435, '2024-07-15 04:47:30', '2024-07-17 08:58:47'),
(93, 57, 'Schedule-533', 29, 1776573, '2024-07-24 16:00:48', '2024-07-25 20:12:38'),
(94, 43, 'Schedule-532', 38, 899308, '2024-07-04 22:43:29', '2024-07-07 13:14:59'),
(95, 19, 'Schedule-79', 26, 545199, '2024-07-19 16:27:27', '2024-07-21 02:47:04'),
(96, 3, 'Schedule-664', 48, 1875894, '2024-07-10 17:33:48', '2024-07-13 12:14:33'),
(97, 54, 'Schedule-296', 32, 1850054, '2024-07-09 08:21:48', '2024-07-10 09:54:12'),
(98, 37, 'Schedule-203', 27, 385459, '2024-07-09 18:55:38', '2024-07-11 23:37:44'),
(99, 4, 'Schedule-271', 11, 2171722, '2024-07-17 12:06:36', '2024-07-18 17:08:09'),
(100, 7, 'Schedule-641', 23, 1730688, '2024-07-24 07:30:08', '2024-07-26 22:00:40'),
(101, 20, 'Schedule-743', 9, 912470, '2024-07-28 00:42:59', '2024-07-29 17:56:57'),
(102, 31, 'Schedule-567', 43, 2111612, '2024-07-13 06:13:09', '2024-07-13 09:05:48'),
(103, 34, 'Schedule-453', 13, 2130947, '2024-07-02 08:43:18', '2024-07-02 18:35:32'),
(104, 27, 'Schedule-29', 16, 1470148, '2024-07-16 11:30:47', '2024-07-16 14:06:18'),
(105, 35, 'Schedule-614', 20, 2528232, '2024-07-15 11:04:21', '2024-07-16 15:57:52'),
(106, 29, 'Schedule-558', 25, 685909, '2024-07-24 06:12:16', '2024-07-26 03:50:55'),
(107, 4, 'Schedule-36', 19, 2401400, '2024-07-09 10:32:07', '2024-07-11 19:54:02'),
(108, 42, 'Schedule-680', 46, 2459607, '2024-07-15 21:44:09', '2024-07-17 08:41:00'),
(109, 52, 'Schedule-1', 4, 2018893, '2024-07-13 15:08:57', '2024-07-13 19:36:30'),
(110, 13, 'Schedule-879', 8, 2470627, '2024-07-18 16:49:45', '2024-07-21 02:41:16'),
(111, 11, 'Schedule-609', 16, 2830642, '2024-07-23 01:41:29', '2024-07-24 16:39:31'),
(112, 9, 'Schedule-607', 46, 2903392, '2024-07-17 07:37:19', '2024-07-17 12:29:37'),
(113, 14, 'Schedule-639', 18, 824395, '2024-07-27 23:04:49', '2024-07-30 00:27:16'),
(114, 31, 'Schedule-796', 7, 2808127, '2024-07-01 08:42:03', '2024-07-01 17:06:42'),
(115, 19, 'Schedule-623', 47, 238855, '2024-06-30 11:20:03', '2024-07-02 00:21:10'),
(116, 27, 'Schedule-785', 9, 176018, '2024-07-14 13:31:28', '2024-07-15 13:16:50'),
(117, 3, 'Schedule-41', 36, 1388263, '2024-07-19 03:28:19', '2024-07-20 02:17:19'),
(118, 34, 'Schedule-564', 48, 644738, '2024-07-15 00:04:42', '2024-07-17 08:35:23'),
(119, 15, 'Schedule-939', 4, 228827, '2024-07-16 07:46:56', '2024-07-18 04:35:25'),
(120, 20, 'Schedule-632', 40, 546171, '2024-07-24 12:49:32', '2024-07-26 02:02:34'),
(121, 55, 'Schedule-510', 16, 2593262, '2024-07-22 05:01:03', '2024-07-24 06:17:08'),
(122, 18, 'Schedule-195', 39, 522957, '2024-07-01 18:09:13', '2024-07-01 20:44:51'),
(123, 12, 'Schedule-881', 6, 1682148, '2024-07-12 05:35:48', '2024-07-12 09:06:15'),
(124, 45, 'Schedule-854', 18, 544269, '2024-07-22 21:53:50', '2024-07-23 00:49:34'),
(125, 25, 'Schedule-657', 21, 643641, '2024-07-25 09:03:25', '2024-07-27 02:25:50'),
(126, 7, 'Schedule-14', 41, 1366929, '2024-07-04 18:13:21', '2024-07-05 18:01:45'),
(127, 21, 'Schedule-385', 26, 1896392, '2024-07-23 03:54:52', '2024-07-24 01:25:57'),
(128, 34, 'Schedule-753', 47, 1183924, '2024-07-23 18:22:12', '2024-07-23 21:07:54'),
(129, 42, 'Schedule-617', 48, 2250878, '2024-07-14 20:04:31', '2024-07-14 20:57:06'),
(130, 22, 'Schedule-750', 5, 1029700, '2024-07-18 22:19:52', '2024-07-20 05:42:03'),
(131, 39, 'Schedule-963', 29, 2211527, '2024-07-02 04:06:15', '2024-07-05 00:19:03'),
(132, 62, 'Schedule-436', 6, 494759, '2024-07-15 19:03:24', '2024-07-17 08:19:41'),
(133, 56, 'Schedule-537', 21, 1600172, '2024-07-28 17:21:08', '2024-07-28 23:36:36'),
(134, 19, 'Schedule-370', 48, 134884, '2024-06-30 15:20:11', '2024-07-01 13:43:32'),
(135, 8, 'Schedule-1000', 29, 2362818, '2024-07-13 10:30:53', '2024-07-16 01:41:08'),
(136, 18, 'Schedule-516', 7, 2664111, '2024-07-13 10:16:51', '2024-07-14 22:13:26'),
(137, 32, 'Schedule-258', 9, 2711607, '2024-07-10 06:46:06', '2024-07-12 22:29:21'),
(138, 46, 'Schedule-919', 10, 769569, '2024-07-06 02:02:13', '2024-07-08 06:26:12'),
(139, 49, 'Schedule-616', 37, 2299304, '2024-06-30 23:03:49', '2024-07-03 19:20:36'),
(140, 23, 'Schedule-517', 7, 2550031, '2024-07-25 11:50:22', '2024-07-25 23:48:18'),
(141, 41, 'Schedule-729', 9, 1814332, '2024-07-09 18:46:39', '2024-07-12 10:20:46'),
(142, 39, 'Schedule-719', 19, 258672, '2024-07-01 22:39:10', '2024-07-04 18:33:58'),
(143, 29, 'Schedule-822', 40, 1235562, '2024-07-04 15:59:24', '2024-07-05 21:38:33'),
(144, 61, 'Schedule-982', 9, 471363, '2024-07-20 00:53:18', '2024-07-21 16:33:17'),
(145, 4, 'Schedule-451', 17, 1602241, '2024-07-13 01:42:33', '2024-07-13 23:58:51'),
(146, 32, 'Schedule-838', 13, 2140924, '2024-07-23 11:49:57', '2024-07-23 22:28:58'),
(147, 15, 'Schedule-773', 8, 2921277, '2024-07-10 19:35:29', '2024-07-11 17:37:50'),
(148, 16, 'Schedule-253', 18, 1347140, '2024-07-25 21:51:00', '2024-07-25 21:51:25'),
(149, 34, 'Schedule-289', 35, 2564888, '2024-07-20 12:29:13', '2024-07-21 04:35:47'),
(150, 11, 'Schedule-213', 41, 1518479, '2024-07-09 20:48:38', '2024-07-12 05:01:21'),
(151, 9, 'Schedule-859', 7, 419441, '2024-07-03 07:00:56', '2024-07-05 07:45:42'),
(152, 28, 'Schedule-416', 30, 2851604, '2024-07-25 07:10:57', '2024-07-26 19:30:02'),
(153, 57, 'Schedule-470', 26, 297427, '2024-07-05 20:18:43', '2024-07-06 17:55:15'),
(154, 44, 'Schedule-346', 12, 2577960, '2024-07-17 11:43:11', '2024-07-17 14:27:15'),
(155, 38, 'Schedule-576', 32, 2488301, '2024-07-22 15:44:26', '2024-07-24 19:03:51'),
(156, 39, 'Schedule-433', 7, 1041909, '2024-07-13 22:39:44', '2024-07-15 01:41:21'),
(157, 22, 'Schedule-141', 49, 775192, '2024-07-20 15:33:17', '2024-07-22 17:23:37'),
(158, 34, 'Schedule-289', 11, 544987, '2024-07-07 22:51:34', '2024-07-09 17:23:10'),
(159, 16, 'Schedule-41', 48, 331977, '2024-07-17 05:55:39', '2024-07-17 17:14:23'),
(160, 18, 'Schedule-190', 33, 1497117, '2024-07-10 18:19:47', '2024-07-11 22:09:37'),
(161, 41, 'Schedule-190', 38, 859802, '2024-07-09 12:25:58', '2024-07-10 10:14:58'),
(162, 51, 'Schedule-734', 5, 2705361, '2024-07-22 21:40:31', '2024-07-24 14:26:41'),
(163, 50, 'Schedule-257', 33, 2075590, '2024-07-01 11:04:21', '2024-07-04 08:12:27'),
(164, 31, 'Schedule-328', 27, 2847707, '2024-07-07 13:19:49', '2024-07-07 14:15:13'),
(165, 53, 'Schedule-627', 29, 114158, '2024-07-24 01:16:20', '2024-07-26 23:54:38'),
(166, 35, 'Schedule-965', 34, 1102677, '2024-07-07 19:18:46', '2024-07-10 01:48:21'),
(167, 56, 'Schedule-296', 43, 712884, '2024-07-15 15:27:55', '2024-07-16 18:27:13'),
(168, 61, 'Schedule-437', 19, 159202, '2024-07-13 10:00:49', '2024-07-14 17:18:23'),
(169, 7, 'Schedule-444', 9, 723809, '2024-07-16 01:15:06', '2024-07-18 18:52:50'),
(170, 51, 'Schedule-875', 46, 1342786, '2024-07-08 00:54:13', '2024-07-08 13:14:44'),
(171, 10, 'Schedule-532', 28, 853827, '2024-07-19 07:16:39', '2024-07-20 23:26:59'),
(172, 19, 'Schedule-908', 25, 2357608, '2024-07-08 15:04:21', '2024-07-11 07:59:57'),
(173, 9, 'Schedule-854', 29, 1559323, '2024-07-09 08:32:36', '2024-07-10 18:05:18'),
(174, 33, 'Schedule-148', 16, 1210873, '2024-07-24 13:51:59', '2024-07-27 07:11:12'),
(175, 22, 'Schedule-234', 8, 2602841, '2024-07-06 11:31:14', '2024-07-09 01:32:49'),
(176, 49, 'Schedule-84', 13, 2647443, '2024-07-13 03:40:53', '2024-07-13 09:24:14'),
(177, 24, 'Schedule-973', 16, 1557147, '2024-07-07 03:27:19', '2024-07-08 10:10:40'),
(178, 18, 'Schedule-668', 49, 763334, '2024-07-26 06:11:10', '2024-07-26 14:57:38'),
(179, 33, 'Schedule-689', 5, 2009598, '2024-07-05 21:45:48', '2024-07-06 03:14:10'),
(180, 12, 'Schedule-887', 33, 2246776, '2024-06-30 17:56:10', '2024-07-03 02:10:26'),
(181, 8, 'Schedule-172', 36, 2976276, '2024-07-13 11:30:36', '2024-07-14 03:51:50'),
(182, 39, 'Schedule-898', 42, 1819612, '2024-07-19 06:00:24', '2024-07-19 12:55:13'),
(183, 30, 'Schedule-833', 8, 166568, '2024-07-28 02:21:13', '2024-07-31 01:25:45'),
(184, 33, 'Schedule-5', 18, 282444, '2024-07-05 14:55:00', '2024-07-06 07:25:09'),
(185, 10, 'Schedule-241', 41, 2936966, '2024-07-04 06:52:51', '2024-07-06 11:02:21'),
(186, 36, 'Schedule-361', 43, 2989190, '2024-07-20 06:17:21', '2024-07-22 13:38:38'),
(187, 31, 'Schedule-700', 14, 2653909, '2024-07-22 17:14:48', '2024-07-23 16:41:08'),
(188, 46, 'Schedule-952', 36, 745557, '2024-07-15 19:45:19', '2024-07-18 16:43:13'),
(189, 23, 'Schedule-892', 31, 231468, '2024-07-26 06:31:55', '2024-07-27 19:58:47'),
(190, 26, 'Schedule-55', 31, 1844051, '2024-07-07 10:34:59', '2024-07-07 16:19:44'),
(191, 61, 'Schedule-903', 35, 385447, '2024-06-30 13:52:28', '2024-07-01 21:30:14'),
(192, 20, 'Schedule-529', 25, 788137, '2024-07-15 01:44:31', '2024-07-16 05:38:37'),
(193, 6, 'Schedule-522', 16, 942485, '2024-07-10 21:21:12', '2024-07-12 11:42:10'),
(194, 24, 'Schedule-934', 4, 648213, '2024-07-12 00:13:09', '2024-07-13 11:25:33'),
(195, 61, 'Schedule-220', 29, 2704988, '2024-07-11 02:51:05', '2024-07-12 02:26:22'),
(196, 16, 'Schedule-614', 45, 1430847, '2024-07-11 21:43:26', '2024-07-12 05:01:31'),
(197, 12, 'Schedule-191', 39, 1532236, '2024-07-13 21:13:00', '2024-07-15 15:43:57'),
(198, 20, 'Schedule-650', 10, 1653531, '2024-07-19 12:01:26', '2024-07-20 21:10:58'),
(199, 15, 'Schedule-42', 5, 2065870, '2024-07-05 01:15:48', '2024-07-05 19:25:18'),
(200, 4, 'Schedule-905', 1, 1473119, '2024-07-08 07:37:23', '2024-07-10 12:43:44'),
(201, 51, 'Schedule-471', 25, 612973, '2024-07-09 18:14:21', '2024-07-12 02:52:53'),
(202, 53, 'Schedule-867', 42, 2642590, '2024-06-30 20:10:41', '2024-07-03 00:10:22'),
(203, 39, 'Schedule-187', 37, 2118456, '2024-07-20 04:34:25', '2024-07-22 02:08:14'),
(204, 12, 'Schedule-802', 19, 212674, '2024-07-13 09:03:50', '2024-07-14 17:07:27'),
(205, 46, 'Schedule-609', 31, 1305543, '2024-07-17 12:36:58', '2024-07-19 17:12:33'),
(206, 62, 'Schedule-865', 34, 185379, '2024-07-09 08:54:03', '2024-07-11 00:28:46'),
(207, 30, 'Schedule-731', 15, 711489, '2024-07-12 22:05:52', '2024-07-14 17:14:34'),
(208, 45, 'Schedule-841', 13, 2034908, '2024-07-26 00:03:17', '2024-07-26 10:29:15'),
(209, 45, 'Schedule-34', 34, 1427873, '2024-07-23 22:03:26', '2024-07-26 08:47:48'),
(210, 44, 'Schedule-924', 39, 2586643, '2024-07-18 07:35:39', '2024-07-18 08:47:24'),
(211, 45, 'Schedule-820', 48, 2395270, '2024-07-18 18:59:38', '2024-07-21 12:15:22'),
(212, 38, 'Schedule-76', 45, 2333562, '2024-07-03 07:27:51', '2024-07-05 00:17:08'),
(213, 48, 'Schedule-538', 45, 1328001, '2024-07-15 16:42:32', '2024-07-17 15:05:00'),
(214, 18, 'Schedule-338', 5, 694732, '2024-07-23 21:31:39', '2024-07-24 17:24:12'),
(215, 16, 'Schedule-570', 20, 2529813, '2024-07-19 16:06:00', '2024-07-22 01:38:38'),
(216, 56, 'Schedule-678', 37, 1821940, '2024-07-22 20:22:25', '2024-07-23 22:44:58'),
(217, 13, 'Schedule-334', 14, 1892413, '2024-07-11 17:07:50', '2024-07-12 14:53:46'),
(218, 43, 'Schedule-773', 30, 2148290, '2024-07-05 06:34:23', '2024-07-06 03:07:03'),
(219, 50, 'Schedule-297', 15, 1675483, '2024-07-18 02:29:46', '2024-07-20 11:36:49'),
(220, 50, 'Schedule-369', 17, 1150062, '2024-07-05 02:00:54', '2024-07-06 05:11:05'),
(221, 41, 'Schedule-975', 9, 2425636, '2024-07-08 18:14:32', '2024-07-08 22:50:36'),
(222, 39, 'Schedule-68', 43, 1726147, '2024-07-11 21:19:20', '2024-07-14 09:07:50'),
(223, 27, 'Schedule-996', 18, 2245853, '2024-06-30 00:34:53', '2024-07-02 11:23:59'),
(224, 17, 'Schedule-684', 16, 2091084, '2024-07-10 09:45:31', '2024-07-10 21:14:38'),
(225, 44, 'Schedule-294', 21, 572714, '2024-07-16 13:45:05', '2024-07-16 18:01:50'),
(226, 43, 'Schedule-315', 45, 2702058, '2024-07-06 06:52:51', '2024-07-06 12:58:46'),
(227, 17, 'Schedule-727', 41, 591125, '2024-07-11 14:44:44', '2024-07-13 09:34:47'),
(228, 52, 'Schedule-289', 20, 1927194, '2024-07-07 14:42:08', '2024-07-09 17:39:00'),
(229, 56, 'Schedule-911', 28, 1221216, '2024-06-30 20:01:21', '2024-07-02 02:08:32'),
(230, 51, 'Schedule-592', 46, 1231325, '2024-07-23 22:36:27', '2024-07-24 13:21:16'),
(231, 2, 'Schedule-121', 18, 1013592, '2024-07-27 12:28:24', '2024-07-29 10:27:23'),
(232, 25, 'Schedule-815', 37, 954292, '2024-07-10 01:16:14', '2024-07-12 21:20:26'),
(233, 36, 'Schedule-965', 5, 842530, '2024-07-10 13:04:40', '2024-07-11 12:34:53'),
(234, 35, 'Schedule-380', 28, 2532864, '2024-07-17 03:15:27', '2024-07-18 04:57:14'),
(235, 12, 'Schedule-794', 30, 2132230, '2024-07-09 23:17:10', '2024-07-10 06:21:37'),
(236, 1, 'Schedule-50', 9, 2572073, '2024-07-03 10:56:31', '2024-07-05 16:18:18'),
(237, 60, 'Schedule-620', 12, 1872220, '2024-07-22 15:07:08', '2024-07-24 12:19:04'),
(238, 4, 'Schedule-872', 28, 637303, '2024-06-29 01:27:46', '2024-07-01 17:48:56'),
(239, 62, 'Schedule-752', 14, 1744140, '2024-07-03 08:46:32', '2024-07-03 22:50:32'),
(240, 8, 'Schedule-513', 12, 237827, '2024-07-23 03:41:12', '2024-07-25 03:42:45'),
(241, 47, 'Schedule-713', 48, 2443876, '2024-07-02 11:30:56', '2024-07-04 15:14:35'),
(242, 13, 'Schedule-368', 16, 2396771, '2024-07-17 06:36:05', '2024-07-18 04:56:12'),
(243, 4, 'Schedule-598', 22, 2443206, '2024-07-06 03:04:46', '2024-07-06 23:48:28'),
(244, 57, 'Schedule-98', 18, 751028, '2024-07-06 19:44:19', '2024-07-06 22:08:31'),
(245, 6, 'Schedule-353', 30, 924728, '2024-07-21 17:16:14', '2024-07-21 23:59:51'),
(246, 49, 'Schedule-618', 1, 2912564, '2024-07-23 21:43:09', '2024-07-26 03:37:05'),
(247, 24, 'Schedule-953', 13, 2556670, '2024-07-12 21:28:30', '2024-07-14 02:26:08'),
(248, 18, 'Schedule-307', 15, 197303, '2024-07-21 15:36:04', '2024-07-22 14:38:20'),
(249, 41, 'Schedule-45', 26, 1935666, '2024-07-07 22:08:32', '2024-07-08 11:32:22'),
(250, 12, 'Schedule-485', 34, 1440806, '2024-07-26 02:59:01', '2024-07-27 08:52:51'),
(251, 58, 'Schedule-859', 37, 820399, '2024-07-24 14:07:09', '2024-07-27 08:33:49'),
(252, 57, 'Schedule-250', 37, 418135, '2024-07-12 06:58:11', '2024-07-14 20:10:05'),
(253, 21, 'Schedule-428', 19, 484144, '2024-07-20 03:13:04', '2024-07-22 11:57:25'),
(254, 23, 'Schedule-351', 44, 1508221, '2024-07-24 10:13:57', '2024-07-26 02:29:58'),
(255, 11, 'Schedule-460', 33, 2941747, '2024-07-18 05:36:46', '2024-07-18 21:07:46'),
(256, 14, 'Schedule-951', 8, 1484471, '2024-07-28 19:59:56', '2024-07-31 10:13:43'),
(257, 59, 'Schedule-217', 37, 543797, '2024-07-15 19:00:58', '2024-07-17 12:29:26'),
(258, 25, 'Schedule-365', 40, 1195636, '2024-07-06 10:48:55', '2024-07-07 16:28:45'),
(259, 21, 'Schedule-10', 17, 127210, '2024-07-23 09:14:44', '2024-07-25 00:14:45'),
(260, 41, 'Schedule-618', 44, 298120, '2024-07-05 18:20:36', '2024-07-06 23:03:49'),
(261, 42, 'Schedule-708', 31, 1738205, '2024-07-25 00:59:30', '2024-07-27 15:57:08'),
(262, 18, 'Schedule-889', 46, 1872491, '2024-07-11 21:48:18', '2024-07-13 02:28:10'),
(263, 41, 'Schedule-634', 47, 406172, '2024-07-05 18:23:56', '2024-07-07 22:44:05'),
(264, 28, 'Schedule-435', 8, 1010208, '2024-07-16 16:43:28', '2024-07-17 07:53:15'),
(265, 30, 'Schedule-865', 6, 471849, '2024-07-09 02:06:37', '2024-07-09 23:46:59'),
(266, 19, 'Schedule-344', 4, 2158720, '2024-07-02 09:54:40', '2024-07-03 20:41:47'),
(267, 40, 'Schedule-869', 21, 1651981, '2024-07-04 20:28:12', '2024-07-06 02:21:47'),
(268, 50, 'Schedule-281', 39, 725813, '2024-07-03 23:17:58', '2024-07-04 09:52:32'),
(269, 60, 'Schedule-294', 39, 331802, '2024-07-26 01:16:20', '2024-07-27 10:54:19'),
(270, 23, 'Schedule-680', 35, 1356722, '2024-07-04 04:54:12', '2024-07-06 03:17:52'),
(271, 43, 'Schedule-991', 49, 1402496, '2024-07-04 18:54:14', '2024-07-06 15:33:49'),
(272, 30, 'Schedule-440', 13, 1876146, '2024-07-12 21:00:01', '2024-07-13 23:52:09'),
(273, 5, 'Schedule-393', 44, 2734658, '2024-07-08 10:09:54', '2024-07-10 08:57:48'),
(274, 40, 'Schedule-245', 38, 933467, '2024-07-08 09:59:39', '2024-07-09 19:24:58'),
(275, 35, 'Schedule-928', 36, 1103223, '2024-07-16 14:09:16', '2024-07-18 22:48:21'),
(276, 52, 'Schedule-298', 15, 2878435, '2024-07-09 00:50:13', '2024-07-09 19:46:27'),
(277, 19, 'Schedule-306', 19, 136215, '2024-07-11 17:16:48', '2024-07-14 05:18:28'),
(278, 3, 'Schedule-125', 34, 1217388, '2024-07-04 00:33:04', '2024-07-04 15:57:57'),
(279, 6, 'Schedule-914', 35, 1578968, '2024-07-06 10:12:45', '2024-07-07 16:08:27'),
(280, 32, 'Schedule-852', 44, 2011400, '2024-07-20 11:46:33', '2024-07-21 07:08:37'),
(281, 45, 'Schedule-722', 25, 2344319, '2024-07-10 13:20:16', '2024-07-11 20:09:33'),
(282, 41, 'Schedule-597', 30, 1683757, '2024-07-16 17:37:28', '2024-07-19 04:11:17'),
(283, 9, 'Schedule-40', 5, 346456, '2024-07-26 20:13:04', '2024-07-29 18:02:29'),
(284, 51, 'Schedule-784', 38, 1117925, '2024-07-27 20:45:47', '2024-07-29 17:49:25'),
(285, 11, 'Schedule-638', 17, 2719252, '2024-07-24 22:19:33', '2024-07-25 20:47:31'),
(286, 16, 'Schedule-807', 24, 2111062, '2024-07-04 08:37:17', '2024-07-05 14:29:32'),
(287, 43, 'Schedule-447', 3, 179608, '2024-07-09 17:30:57', '2024-07-10 23:53:22'),
(288, 59, 'Schedule-719', 40, 2039612, '2024-07-24 18:31:15', '2024-07-27 00:38:39'),
(289, 43, 'Schedule-895', 4, 2105992, '2024-07-11 11:13:54', '2024-07-13 00:30:22'),
(290, 37, 'Schedule-708', 4, 1290671, '2024-07-23 19:21:08', '2024-07-24 02:01:51'),
(291, 33, 'Schedule-384', 36, 2220396, '2024-07-19 07:56:14', '2024-07-20 00:43:08'),
(292, 33, 'Schedule-896', 28, 423737, '2024-06-29 03:34:44', '2024-07-01 12:43:01'),
(293, 22, 'Schedule-26', 4, 2281211, '2024-07-25 01:15:02', '2024-07-26 18:01:31'),
(294, 57, 'Schedule-489', 42, 2402164, '2024-07-06 15:28:15', '2024-07-07 20:59:00'),
(295, 19, 'Schedule-479', 10, 2680962, '2024-06-28 22:44:00', '2024-07-01 14:17:40'),
(296, 40, 'Schedule-140', 36, 973480, '2024-07-17 13:52:02', '2024-07-19 00:05:40'),
(297, 6, 'Schedule-46', 10, 1474085, '2024-07-22 21:33:56', '2024-07-23 09:06:00'),
(298, 49, 'Schedule-535', 2, 1043381, '2024-07-12 11:02:18', '2024-07-14 19:34:04'),
(299, 18, 'Schedule-160', 3, 907594, '2024-06-30 08:52:51', '2024-07-03 03:47:45'),
(300, 26, 'Schedule-253', 15, 1624691, '2024-07-27 04:26:10', '2024-07-28 21:31:30'),
(301, 55, 'Schedule-976', 36, 2648427, '2024-06-30 09:46:54', '2024-07-01 12:39:01'),
(302, 18, 'Schedule-830', 22, 1482939, '2024-07-16 02:11:05', '2024-07-16 09:47:40'),
(303, 6, 'Schedule-405', 46, 1093688, '2024-07-13 19:57:56', '2024-07-16 01:40:35'),
(304, 35, 'Schedule-122', 43, 1384394, '2024-07-01 05:53:08', '2024-07-04 02:18:41'),
(305, 1, 'Schedule-11', 24, 491428, '2024-07-23 07:16:55', '2024-07-25 02:24:58'),
(306, 42, 'Schedule-893', 29, 2184340, '2024-07-09 10:17:05', '2024-07-10 13:03:46'),
(307, 49, 'Schedule-250', 32, 373849, '2024-07-01 08:05:16', '2024-07-03 05:04:00'),
(308, 45, 'Schedule-66', 18, 2708832, '2024-07-26 22:35:25', '2024-07-28 01:10:02'),
(309, 9, 'Schedule-512', 22, 1815543, '2024-07-06 19:57:26', '2024-07-09 00:32:41'),
(310, 29, 'Schedule-61', 5, 1217929, '2024-07-10 13:25:44', '2024-07-13 00:42:59'),
(311, 8, 'Schedule-940', 33, 1578566, '2024-07-21 03:44:01', '2024-07-22 15:08:59'),
(312, 34, 'Schedule-989', 1, 2364939, '2024-07-19 19:04:51', '2024-07-22 04:47:08'),
(313, 48, 'Schedule-902', 34, 1504827, '2024-07-22 16:24:07', '2024-07-25 08:17:48'),
(314, 40, 'Schedule-745', 41, 878048, '2024-07-24 18:13:56', '2024-07-26 05:54:04'),
(315, 8, 'Schedule-492', 36, 332155, '2024-07-02 22:52:21', '2024-07-05 15:29:23'),
(316, 1, 'Schedule-867', 30, 1090055, '2024-07-10 21:40:36', '2024-07-11 21:30:36'),
(317, 42, 'Schedule-463', 37, 2457835, '2024-07-11 20:26:06', '2024-07-12 00:44:07'),
(318, 7, 'Schedule-17', 27, 1684380, '2024-07-23 18:39:25', '2024-07-23 21:23:43'),
(319, 29, 'Schedule-742', 45, 1002637, '2024-07-27 19:14:41', '2024-07-28 20:52:23'),
(320, 31, 'Schedule-868', 15, 127799, '2024-07-27 07:12:57', '2024-07-29 20:19:26'),
(321, 52, 'Schedule-818', 13, 2876061, '2024-07-01 20:23:58', '2024-07-01 23:13:12'),
(322, 58, 'Schedule-112', 47, 168571, '2024-07-12 22:43:29', '2024-07-13 23:53:08'),
(323, 2, 'Schedule-673', 18, 182784, '2024-07-13 00:29:15', '2024-07-15 06:38:43'),
(324, 15, 'Schedule-196', 5, 1795138, '2024-07-05 21:07:55', '2024-07-07 10:09:40'),
(325, 47, 'Schedule-529', 9, 2043554, '2024-07-27 06:17:47', '2024-07-28 19:48:57'),
(326, 18, 'Schedule-587', 43, 204416, '2024-07-08 05:42:47', '2024-07-10 01:09:09'),
(327, 14, 'Schedule-652', 25, 837366, '2024-06-29 17:07:29', '2024-06-30 08:52:19'),
(328, 7, 'Schedule-855', 48, 743000, '2024-07-27 06:37:08', '2024-07-29 13:30:05'),
(329, 47, 'Schedule-854', 41, 2722808, '2024-07-25 16:18:28', '2024-07-25 20:15:48'),
(330, 54, 'Schedule-353', 15, 1582409, '2024-06-29 20:12:08', '2024-07-01 19:00:50'),
(331, 33, 'Schedule-939', 36, 1207436, '2024-07-05 17:44:04', '2024-07-06 10:20:22'),
(332, 53, 'Schedule-394', 3, 1103725, '2024-07-14 04:06:23', '2024-07-16 21:46:28'),
(333, 55, 'Schedule-56', 1, 1930329, '2024-07-12 08:40:49', '2024-07-13 14:57:59'),
(334, 4, 'Schedule-877', 41, 419666, '2024-07-04 18:38:18', '2024-07-05 16:17:37'),
(335, 9, 'Schedule-256', 34, 1568627, '2024-07-01 10:12:45', '2024-07-01 11:15:28'),
(336, 29, 'Schedule-973', 2, 1838761, '2024-07-23 03:59:59', '2024-07-25 02:46:53'),
(337, 10, 'Schedule-659', 4, 585063, '2024-07-28 19:34:08', '2024-07-30 09:17:09'),
(338, 36, 'Schedule-866', 13, 1926982, '2024-07-01 08:52:25', '2024-07-02 17:17:29'),
(339, 40, 'Schedule-308', 36, 1329099, '2024-07-16 12:31:05', '2024-07-17 04:56:15'),
(340, 42, 'Schedule-764', 38, 2070988, '2024-07-26 07:04:55', '2024-07-28 04:05:16'),
(341, 52, 'Schedule-903', 4, 2247841, '2024-07-01 18:37:24', '2024-07-03 00:14:58'),
(342, 5, 'Schedule-102', 17, 794344, '2024-07-09 19:38:58', '2024-07-10 18:21:10'),
(343, 8, 'Schedule-688', 33, 1496780, '2024-07-06 01:52:55', '2024-07-08 21:01:03'),
(344, 57, 'Schedule-768', 29, 843459, '2024-07-17 21:43:40', '2024-07-18 14:44:54'),
(345, 28, 'Schedule-528', 37, 144897, '2024-07-08 03:45:44', '2024-07-10 18:02:05'),
(346, 53, 'Schedule-849', 21, 2448915, '2024-07-17 13:17:16', '2024-07-19 00:08:03'),
(347, 50, 'Schedule-748', 12, 435007, '2024-06-28 23:16:22', '2024-06-29 15:54:38'),
(348, 60, 'Schedule-123', 6, 2350154, '2024-07-23 12:54:50', '2024-07-24 12:54:48'),
(349, 37, 'Schedule-770', 1, 404002, '2024-07-16 21:14:27', '2024-07-17 21:35:35'),
(350, 41, 'Schedule-156', 16, 2985649, '2024-07-08 01:59:01', '2024-07-10 14:26:06'),
(351, 12, 'Schedule-645', 16, 2458230, '2024-07-16 01:20:26', '2024-07-16 03:44:24'),
(352, 61, 'Schedule-231', 7, 1325268, '2024-07-21 23:01:04', '2024-07-24 22:06:27'),
(353, 43, 'Schedule-831', 3, 674370, '2024-07-23 05:26:16', '2024-07-26 00:15:51'),
(354, 57, 'Schedule-865', 3, 2065795, '2024-07-13 08:29:31', '2024-07-14 10:45:13'),
(355, 24, 'Schedule-888', 35, 2918030, '2024-06-30 16:28:54', '2024-07-01 15:34:46'),
(356, 5, 'Schedule-762', 33, 1440901, '2024-07-22 09:57:18', '2024-07-23 07:55:00'),
(357, 28, 'Schedule-904', 7, 1996250, '2024-07-22 04:55:19', '2024-07-22 09:44:49'),
(358, 7, 'Schedule-676', 10, 2759917, '2024-07-06 18:58:55', '2024-07-07 07:06:33'),
(359, 12, 'Schedule-164', 38, 2725438, '2024-07-22 06:10:24', '2024-07-23 17:46:14'),
(360, 10, 'Schedule-629', 41, 1544737, '2024-07-06 13:33:13', '2024-07-09 09:15:09'),
(361, 34, 'Schedule-253', 32, 2240427, '2024-07-13 14:41:41', '2024-07-14 21:19:58'),
(362, 36, 'Schedule-333', 32, 789701, '2024-07-07 17:43:55', '2024-07-07 21:30:00'),
(363, 19, 'Schedule-783', 47, 1763757, '2024-07-11 15:01:01', '2024-07-11 18:53:41'),
(364, 14, 'Schedule-419', 6, 589620, '2024-07-02 11:36:29', '2024-07-02 16:52:45'),
(365, 55, 'Schedule-358', 33, 212237, '2024-07-18 06:22:14', '2024-07-19 07:16:27'),
(366, 11, 'Schedule-800', 5, 798570, '2024-07-04 00:41:54', '2024-07-05 00:53:56'),
(367, 36, 'Schedule-421', 42, 1913165, '2024-07-09 00:21:42', '2024-07-09 21:33:52'),
(368, 20, 'Schedule-735', 33, 1905357, '2024-07-16 21:40:27', '2024-07-18 06:43:36'),
(369, 6, 'Schedule-832', 10, 2230359, '2024-07-23 13:52:45', '2024-07-23 14:49:40'),
(370, 8, 'Schedule-706', 19, 1318821, '2024-07-10 00:12:40', '2024-07-11 14:01:38'),
(371, 60, 'Schedule-541', 48, 839967, '2024-07-25 06:03:25', '2024-07-27 19:20:25'),
(372, 47, 'Schedule-677', 22, 2729368, '2024-07-16 18:44:17', '2024-07-17 06:38:04'),
(373, 33, 'Schedule-873', 10, 2494440, '2024-07-27 19:59:23', '2024-07-30 06:03:41'),
(374, 9, 'Schedule-541', 36, 1999135, '2024-07-27 22:07:04', '2024-07-30 21:00:45'),
(375, 11, 'Schedule-984', 42, 1656260, '2024-07-24 12:42:33', '2024-07-25 10:34:00'),
(376, 54, 'Schedule-757', 26, 728999, '2024-07-06 04:21:58', '2024-07-08 11:51:26'),
(377, 1, 'Schedule-69', 5, 506458, '2024-07-13 11:26:00', '2024-07-15 04:15:26'),
(378, 3, 'Schedule-690', 10, 2630532, '2024-07-01 20:04:29', '2024-07-02 20:22:56'),
(379, 9, 'Schedule-851', 8, 1133033, '2024-07-23 02:23:19', '2024-07-24 02:47:33'),
(380, 26, 'Schedule-127', 35, 1568334, '2024-07-14 11:54:49', '2024-07-17 09:27:37'),
(381, 37, 'Schedule-358', 28, 178449, '2024-07-26 18:58:19', '2024-07-27 07:13:42'),
(382, 60, 'Schedule-491', 30, 1472175, '2024-07-21 17:37:49', '2024-07-24 15:01:17'),
(383, 15, 'Schedule-837', 39, 487545, '2024-07-18 19:00:45', '2024-07-18 19:18:49'),
(384, 18, 'Schedule-402', 11, 1191992, '2024-07-15 20:37:42', '2024-07-17 19:01:46'),
(385, 52, 'Schedule-924', 40, 315786, '2024-07-18 04:27:27', '2024-07-18 12:58:27'),
(386, 46, 'Schedule-393', 36, 1284464, '2024-07-16 20:08:30', '2024-07-19 02:47:26'),
(387, 45, 'Schedule-873', 11, 620069, '2024-07-11 15:04:47', '2024-07-11 22:30:32'),
(388, 8, 'Schedule-67', 41, 1163580, '2024-07-19 00:32:24', '2024-07-19 15:38:59'),
(389, 56, 'Schedule-804', 39, 1131958, '2024-07-01 04:56:05', '2024-07-01 18:16:21'),
(390, 55, 'Schedule-94', 47, 431219, '2024-07-20 17:48:17', '2024-07-21 10:58:46'),
(391, 54, 'Schedule-845', 49, 540044, '2024-07-22 23:14:52', '2024-07-24 06:48:17'),
(392, 47, 'Schedule-392', 21, 1337404, '2024-07-06 06:39:38', '2024-07-06 13:58:38'),
(393, 6, 'Schedule-297', 22, 1983715, '2024-07-20 04:03:22', '2024-07-21 23:48:44'),
(394, 29, 'Schedule-781', 43, 142396, '2024-07-17 08:05:42', '2024-07-18 06:11:44'),
(395, 30, 'Schedule-239', 23, 2482690, '2024-07-16 18:29:47', '2024-07-17 16:38:06'),
(396, 12, 'Schedule-505', 22, 1278462, '2024-07-10 06:31:54', '2024-07-11 10:02:45'),
(397, 25, 'Schedule-179', 4, 2808307, '2024-07-05 11:56:55', '2024-07-07 09:56:39'),
(398, 38, 'Schedule-439', 32, 1051360, '2024-07-04 20:40:57', '2024-07-05 23:23:10'),
(399, 24, 'Schedule-808', 43, 2539291, '2024-07-08 05:27:51', '2024-07-09 04:33:51'),
(400, 42, 'Schedule-398', 9, 743836, '2024-07-26 19:18:33', '2024-07-27 21:51:47'),
(401, 13, 'Schedule-22', 15, 422769, '2024-07-02 16:39:26', '2024-07-05 12:21:12'),
(402, 12, 'Schedule-230', 32, 1759884, '2024-06-29 14:26:03', '2024-07-02 03:33:22'),
(403, 39, 'Schedule-21', 9, 1894828, '2024-07-09 04:55:49', '2024-07-11 12:27:08'),
(404, 58, 'Schedule-391', 7, 214046, '2024-06-29 16:12:18', '2024-06-30 08:55:54'),
(405, 49, 'Schedule-289', 45, 1985060, '2024-07-23 22:35:13', '2024-07-26 00:41:58'),
(406, 58, 'Schedule-309', 1, 1952879, '2024-07-14 19:34:26', '2024-07-16 08:42:49'),
(407, 46, 'Schedule-872', 15, 2874526, '2024-07-09 16:16:15', '2024-07-10 09:19:09'),
(408, 22, 'Schedule-272', 26, 2908448, '2024-07-07 04:41:03', '2024-07-08 09:04:43'),
(409, 32, 'Schedule-786', 11, 2497344, '2024-07-12 15:04:55', '2024-07-14 23:04:00'),
(410, 38, 'Schedule-76', 31, 1449295, '2024-07-27 10:20:57', '2024-07-27 17:47:18'),
(411, 51, 'Schedule-5', 19, 945583, '2024-07-15 21:28:58', '2024-07-16 17:19:55'),
(412, 9, 'Schedule-545', 15, 419390, '2024-07-20 04:59:38', '2024-07-22 01:01:38'),
(413, 42, 'Schedule-283', 26, 345014, '2024-07-10 04:55:41', '2024-07-11 09:12:42'),
(414, 22, 'Schedule-560', 46, 180230, '2024-07-05 08:03:47', '2024-07-06 06:56:11'),
(415, 11, 'Schedule-524', 31, 1497503, '2024-07-01 02:27:45', '2024-07-01 10:29:35'),
(416, 26, 'Schedule-390', 9, 1749996, '2024-07-19 07:17:27', '2024-07-20 13:19:58'),
(417, 20, 'Schedule-763', 17, 2439178, '2024-07-25 17:16:46', '2024-07-26 14:23:01'),
(418, 59, 'Schedule-545', 28, 1253275, '2024-07-25 15:07:46', '2024-07-25 15:55:10'),
(419, 9, 'Schedule-443', 18, 2713594, '2024-07-14 08:30:58', '2024-07-15 10:42:14'),
(420, 59, 'Schedule-123', 48, 1813133, '2024-07-26 16:14:19', '2024-07-29 02:49:11'),
(421, 39, 'Schedule-927', 49, 2704317, '2024-07-04 23:59:53', '2024-07-06 21:14:04'),
(422, 19, 'Schedule-315', 8, 2594468, '2024-07-24 16:14:09', '2024-07-24 18:26:40'),
(423, 40, 'Schedule-467', 34, 482349, '2024-07-22 00:18:19', '2024-07-23 18:47:50'),
(424, 33, 'Schedule-766', 41, 935014, '2024-07-05 00:28:02', '2024-07-06 04:55:38'),
(425, 33, 'Schedule-666', 41, 953003, '2024-07-21 06:21:10', '2024-07-23 05:29:51'),
(426, 36, 'Schedule-100', 22, 1324284, '2024-07-26 05:21:23', '2024-07-27 10:03:21'),
(427, 27, 'Schedule-469', 3, 220150, '2024-07-05 02:05:32', '2024-07-07 12:10:43'),
(428, 28, 'Schedule-801', 7, 1720553, '2024-07-19 08:14:42', '2024-07-20 20:19:09'),
(429, 55, 'Schedule-24', 31, 1263382, '2024-07-16 01:10:44', '2024-07-18 23:25:57'),
(430, 57, 'Schedule-908', 13, 2784760, '2024-07-08 16:39:34', '2024-07-10 22:49:54'),
(431, 8, 'Schedule-70', 15, 1813614, '2024-07-03 08:45:55', '2024-07-06 07:13:27'),
(432, 14, 'Schedule-812', 35, 440049, '2024-07-09 09:51:00', '2024-07-10 07:03:11'),
(433, 25, 'Schedule-982', 32, 2478768, '2024-07-22 13:13:36', '2024-07-24 08:30:16'),
(434, 39, 'Schedule-128', 22, 1272439, '2024-07-15 09:28:20', '2024-07-17 21:34:20'),
(435, 58, 'Schedule-122', 17, 2733384, '2024-07-07 23:20:32', '2024-07-08 06:09:51'),
(436, 56, 'Schedule-686', 26, 430852, '2024-07-12 16:09:00', '2024-07-14 18:54:07'),
(437, 36, 'Schedule-505', 15, 1823030, '2024-06-30 12:56:02', '2024-07-03 12:48:07'),
(438, 62, 'Schedule-987', 49, 327913, '2024-07-21 10:18:45', '2024-07-22 10:38:33'),
(439, 12, 'Schedule-856', 4, 2127712, '2024-07-08 06:27:20', '2024-07-10 21:53:34'),
(440, 31, 'Schedule-609', 28, 1415084, '2024-07-13 23:43:02', '2024-07-16 09:47:13'),
(441, 2, 'Schedule-181', 20, 2769719, '2024-06-30 03:39:31', '2024-06-30 22:55:22'),
(442, 8, 'Schedule-123', 2, 2073093, '2024-07-24 16:34:46', '2024-07-26 01:54:44'),
(443, 8, 'Schedule-920', 30, 1307212, '2024-07-20 00:46:57', '2024-07-22 09:36:19'),
(444, 33, 'Schedule-360', 23, 2039132, '2024-07-24 08:52:18', '2024-07-24 22:18:46'),
(445, 44, 'Schedule-216', 4, 2952850, '2024-07-05 13:11:07', '2024-07-05 21:41:48'),
(446, 24, 'Schedule-375', 18, 1855963, '2024-06-28 23:43:02', '2024-07-01 11:18:03'),
(447, 53, 'Schedule-26', 17, 778193, '2024-07-22 01:20:28', '2024-07-24 01:03:25'),
(448, 49, 'Schedule-24', 45, 1448491, '2024-07-25 09:00:07', '2024-07-27 04:02:09'),
(449, 6, 'Schedule-362', 18, 846919, '2024-07-22 20:05:31', '2024-07-25 12:41:47'),
(450, 15, 'Schedule-417', 16, 1323560, '2024-07-28 14:13:42', '2024-07-31 12:36:08'),
(451, 42, 'Schedule-975', 16, 1371228, '2024-07-07 10:54:20', '2024-07-07 19:22:33'),
(452, 13, 'Schedule-160', 28, 220825, '2024-07-13 08:50:43', '2024-07-14 04:27:22'),
(453, 30, 'Schedule-274', 13, 2099787, '2024-07-05 08:42:45', '2024-07-05 14:23:06'),
(454, 19, 'Schedule-660', 24, 305774, '2024-07-17 12:48:43', '2024-07-19 01:46:28'),
(455, 37, 'Schedule-887', 39, 526423, '2024-07-16 16:37:58', '2024-07-19 06:08:57'),
(456, 39, 'Schedule-822', 5, 1559290, '2024-07-03 05:17:51', '2024-07-04 00:11:38'),
(457, 32, 'Schedule-97', 7, 1516694, '2024-07-16 09:22:20', '2024-07-17 03:37:34'),
(458, 1, 'Schedule-954', 24, 453398, '2024-07-16 14:08:48', '2024-07-19 11:16:04'),
(459, 45, 'Schedule-466', 36, 2541092, '2024-07-15 02:17:37', '2024-07-16 13:48:26'),
(460, 30, 'Schedule-665', 26, 2749310, '2024-07-24 01:15:17', '2024-07-26 10:51:04'),
(461, 32, 'Schedule-621', 16, 1804556, '2024-07-12 02:42:48', '2024-07-14 20:43:57'),
(462, 56, 'Schedule-204', 18, 2016033, '2024-07-22 13:11:17', '2024-07-22 13:55:21'),
(463, 56, 'Schedule-255', 38, 1142842, '2024-07-20 06:13:57', '2024-07-20 16:49:29'),
(464, 52, 'Schedule-819', 47, 2648987, '2024-07-10 09:20:27', '2024-07-12 01:38:03'),
(465, 25, 'Schedule-145', 26, 2321867, '2024-07-14 14:03:53', '2024-07-15 21:09:42'),
(466, 58, 'Schedule-280', 4, 2357117, '2024-07-22 03:00:27', '2024-07-23 03:13:25'),
(467, 56, 'Schedule-997', 9, 1025119, '2024-07-20 20:58:42', '2024-07-23 10:50:44'),
(468, 28, 'Schedule-589', 9, 682897, '2024-07-23 05:32:20', '2024-07-26 02:05:39'),
(469, 54, 'Schedule-713', 5, 520692, '2024-07-24 01:25:07', '2024-07-25 07:05:04'),
(470, 23, 'Schedule-574', 7, 2236344, '2024-07-06 00:57:13', '2024-07-08 15:30:13'),
(471, 22, 'Schedule-521', 13, 806026, '2024-07-23 04:46:12', '2024-07-23 17:45:28'),
(472, 1, 'Schedule-626', 44, 795028, '2024-07-05 12:52:03', '2024-07-06 05:20:51'),
(473, 1, 'Schedule-995', 11, 329765, '2024-07-09 12:41:56', '2024-07-09 20:58:56'),
(474, 37, 'Schedule-419', 17, 2751807, '2024-07-07 15:19:00', '2024-07-10 06:52:50'),
(475, 15, 'Schedule-865', 33, 1859340, '2024-07-11 21:57:01', '2024-07-12 17:24:03'),
(476, 45, 'Schedule-297', 9, 2166248, '2024-07-10 07:26:32', '2024-07-12 16:34:19'),
(477, 29, 'Schedule-413', 12, 2633680, '2024-07-02 12:15:56', '2024-07-04 18:30:49'),
(478, 41, 'Schedule-863', 16, 2829247, '2024-07-12 08:46:20', '2024-07-15 01:01:55'),
(479, 46, 'Schedule-774', 13, 2154579, '2024-07-20 20:25:56', '2024-07-21 19:47:53'),
(480, 58, 'Schedule-750', 11, 307593, '2024-07-15 19:29:31', '2024-07-15 21:45:47'),
(481, 16, 'Schedule-323', 30, 1320813, '2024-07-16 18:38:46', '2024-07-19 06:12:48'),
(482, 52, 'Schedule-182', 27, 2968071, '2024-07-15 18:27:14', '2024-07-18 03:07:48'),
(483, 3, 'Schedule-666', 35, 228210, '2024-07-06 15:25:24', '2024-07-08 12:46:35'),
(484, 6, 'Schedule-398', 17, 2316000, '2024-07-07 11:36:21', '2024-07-07 23:06:39'),
(485, 57, 'Schedule-552', 39, 874227, '2024-07-22 03:29:43', '2024-07-23 17:31:11'),
(486, 62, 'Schedule-36', 3, 2974558, '2024-07-09 02:03:04', '2024-07-10 10:23:29'),
(487, 47, 'Schedule-571', 29, 2037817, '2024-06-30 04:11:25', '2024-07-03 01:26:09'),
(488, 59, 'Schedule-909', 34, 2057373, '2024-06-30 14:58:59', '2024-07-03 13:39:10'),
(489, 58, 'Schedule-129', 49, 2006273, '2024-07-11 07:20:31', '2024-07-12 13:07:34'),
(490, 48, 'Schedule-796', 37, 2342942, '2024-07-13 01:20:58', '2024-07-14 02:57:31'),
(491, 21, 'Schedule-325', 4, 2129578, '2024-07-20 22:57:56', '2024-07-23 10:40:45'),
(492, 52, 'Schedule-744', 9, 774201, '2024-07-24 00:17:22', '2024-07-24 23:33:50'),
(493, 51, 'Schedule-963', 21, 1098660, '2024-07-04 12:36:04', '2024-07-04 19:07:48'),
(494, 18, 'Schedule-358', 21, 832151, '2024-07-21 22:35:49', '2024-07-22 15:42:05'),
(495, 7, 'Schedule-872', 37, 2596937, '2024-07-15 05:01:55', '2024-07-15 11:17:50'),
(496, 12, 'Schedule-781', 12, 358710, '2024-06-29 01:59:12', '2024-06-29 23:18:08'),
(497, 9, 'Schedule-602', 8, 2712634, '2024-07-10 04:19:55', '2024-07-11 23:07:33'),
(498, 18, 'Schedule-512', 13, 1883717, '2024-07-28 10:39:44', '2024-07-30 11:12:19'),
(499, 32, 'Schedule-934', 37, 1390174, '2024-07-06 13:38:08', '2024-07-07 11:28:35'),
(500, 61, 'Schedule-994', 44, 1958166, '2024-07-06 12:09:55', '2024-07-08 06:25:47'),
(501, 14, 'Schedule-685', 1, 441447, '2024-07-10 21:33:04', '2024-07-13 06:17:29'),
(502, 37, 'Schedule-688', 31, 133903, '2024-07-20 04:06:57', '2024-07-22 05:43:52'),
(503, 24, 'Schedule-364', 29, 2296300, '2024-07-09 13:49:17', '2024-07-09 17:21:39'),
(504, 55, 'Schedule-200', 49, 597357, '2024-07-27 06:32:35', '2024-07-29 22:40:15'),
(505, 45, 'Schedule-678', 7, 1078570, '2024-07-24 20:09:17', '2024-07-25 10:22:06'),
(506, 4, 'Schedule-439', 20, 2897985, '2024-07-18 14:49:30', '2024-07-19 11:28:11'),
(507, 56, 'Schedule-130', 6, 2973489, '2024-07-12 12:57:50', '2024-07-14 13:05:59'),
(508, 55, 'Schedule-47', 1, 2376452, '2024-07-11 10:21:31', '2024-07-14 02:29:23'),
(509, 30, 'Schedule-525', 24, 2811789, '2024-07-03 12:57:23', '2024-07-03 18:18:39'),
(510, 46, 'Schedule-907', 10, 2595219, '2024-07-14 07:27:39', '2024-07-14 23:58:36'),
(511, 42, 'Schedule-534', 10, 781220, '2024-07-21 00:22:13', '2024-07-22 17:47:30'),
(512, 33, 'Schedule-241', 2, 665696, '2024-07-25 13:09:18', '2024-07-27 11:40:07'),
(513, 5, 'Schedule-748', 9, 425066, '2024-07-19 01:47:52', '2024-07-21 00:46:49'),
(514, 43, 'Schedule-943', 44, 1018439, '2024-07-25 01:53:36', '2024-07-27 12:38:07'),
(515, 32, 'Schedule-506', 40, 2784322, '2024-07-25 09:09:40', '2024-07-26 21:39:45'),
(516, 4, 'Schedule-125', 47, 467888, '2024-07-17 06:18:24', '2024-07-18 06:17:57'),
(517, 4, 'Schedule-241', 41, 2193099, '2024-07-08 04:29:23', '2024-07-09 16:31:54'),
(518, 33, 'Schedule-906', 33, 2073988, '2024-07-13 21:06:03', '2024-07-15 13:34:06'),
(519, 49, 'Schedule-175', 38, 2984601, '2024-07-11 07:07:59', '2024-07-13 05:05:15'),
(520, 16, 'Schedule-860', 19, 2179125, '2024-07-25 21:29:39', '2024-07-28 09:24:32'),
(521, 58, 'Schedule-120', 47, 1361004, '2024-07-01 09:43:47', '2024-07-01 14:24:13'),
(522, 55, 'Schedule-822', 33, 2132175, '2024-06-29 03:31:45', '2024-07-01 09:08:17'),
(523, 46, 'Schedule-247', 20, 2024618, '2024-07-04 16:36:34', '2024-07-05 19:08:06'),
(524, 28, 'Schedule-33', 41, 440822, '2024-07-04 16:47:48', '2024-07-06 10:51:16'),
(525, 33, 'Schedule-746', 3, 1653726, '2024-06-29 18:08:41', '2024-07-02 12:35:53'),
(526, 15, 'Schedule-258', 5, 971533, '2024-07-01 00:36:01', '2024-07-03 20:28:13'),
(527, 4, 'Schedule-470', 42, 1115134, '2024-06-30 01:26:26', '2024-06-30 22:41:16'),
(528, 35, 'Schedule-247', 13, 2002839, '2024-06-30 14:39:10', '2024-07-02 21:05:21'),
(529, 54, 'Schedule-173', 12, 2158076, '2024-07-27 08:07:15', '2024-07-29 10:26:15'),
(530, 52, 'Schedule-951', 48, 217444, '2024-07-03 19:46:07', '2024-07-04 12:14:01'),
(531, 52, 'Schedule-896', 12, 895390, '2024-07-02 09:23:43', '2024-07-05 01:37:04'),
(532, 41, 'Schedule-480', 21, 1470945, '2024-07-23 07:16:31', '2024-07-25 09:35:18'),
(533, 44, 'Schedule-187', 46, 1849774, '2024-07-20 14:27:17', '2024-07-21 18:25:47'),
(534, 37, 'Schedule-218', 2, 347278, '2024-07-04 08:52:40', '2024-07-06 01:26:15'),
(535, 60, 'Schedule-760', 49, 1732381, '2024-07-25 22:17:40', '2024-07-26 00:51:54'),
(536, 43, 'Schedule-871', 40, 2023470, '2024-07-01 09:44:01', '2024-07-04 03:42:08'),
(537, 47, 'Schedule-571', 17, 812448, '2024-07-20 03:17:36', '2024-07-20 06:15:49'),
(538, 44, 'Schedule-831', 8, 2173443, '2024-07-15 08:09:05', '2024-07-15 23:40:23'),
(539, 10, 'Schedule-696', 29, 2345281, '2024-07-24 01:07:44', '2024-07-26 21:12:31'),
(540, 1, 'Schedule-469', 46, 1165111, '2024-07-01 14:51:19', '2024-07-04 04:19:23'),
(541, 22, 'Schedule-649', 5, 1452032, '2024-07-03 02:22:06', '2024-07-04 17:45:54'),
(542, 40, 'Schedule-429', 1, 1569895, '2024-07-07 10:16:43', '2024-07-09 15:04:19'),
(543, 53, 'Schedule-891', 20, 2976423, '2024-07-27 01:57:19', '2024-07-28 15:22:57'),
(544, 49, 'Schedule-814', 11, 162945, '2024-07-08 13:00:18', '2024-07-11 05:34:14'),
(545, 34, 'Schedule-357', 18, 819293, '2024-07-20 05:35:05', '2024-07-20 09:30:58'),
(546, 57, 'Schedule-484', 36, 1154128, '2024-07-17 08:59:08', '2024-07-18 03:58:20'),
(547, 41, 'Schedule-812', 31, 104327, '2024-07-17 14:24:07', '2024-07-18 16:59:54'),
(548, 38, 'Schedule-913', 39, 438741, '2024-07-08 10:06:13', '2024-07-11 02:20:31'),
(549, 33, 'Schedule-239', 14, 906347, '2024-07-04 08:21:21', '2024-07-04 08:26:00'),
(550, 35, 'Schedule-97', 38, 2907276, '2024-07-09 13:01:25', '2024-07-10 16:05:21'),
(551, 45, 'Schedule-382', 1, 1520041, '2024-07-14 22:58:03', '2024-07-17 13:23:00'),
(552, 39, 'Schedule-901', 18, 1490109, '2024-07-09 14:34:10', '2024-07-10 05:20:53'),
(553, 28, 'Schedule-934', 22, 1398498, '2024-07-15 13:36:43', '2024-07-15 17:10:10'),
(554, 52, 'Schedule-807', 45, 163195, '2024-07-07 22:45:38', '2024-07-09 01:35:37'),
(555, 47, 'Schedule-33', 22, 2712425, '2024-06-29 09:54:33', '2024-06-30 01:21:20'),
(556, 26, 'Schedule-144', 43, 1441993, '2024-07-15 04:17:25', '2024-07-17 19:46:11'),
(557, 43, 'Schedule-285', 43, 961035, '2024-07-25 12:58:11', '2024-07-27 20:26:44'),
(558, 26, 'Schedule-364', 38, 1013684, '2024-07-07 00:25:20', '2024-07-07 12:18:37'),
(559, 61, 'Schedule-153', 15, 778716, '2024-07-20 12:24:45', '2024-07-22 09:15:07'),
(560, 37, 'Schedule-439', 37, 1877006, '2024-07-15 00:17:01', '2024-07-16 09:31:46'),
(561, 39, 'Schedule-39', 28, 1727543, '2024-07-01 03:58:22', '2024-07-01 22:40:10'),
(562, 46, 'Schedule-664', 12, 1357624, '2024-07-06 17:26:28', '2024-07-08 00:46:18'),
(563, 17, 'Schedule-561', 33, 186953, '2024-06-30 20:36:11', '2024-06-30 22:31:17'),
(564, 20, 'Schedule-224', 48, 1947659, '2024-07-11 15:38:24', '2024-07-14 03:38:58'),
(565, 57, 'Schedule-652', 14, 2434733, '2024-07-03 05:16:58', '2024-07-03 21:32:34'),
(566, 54, 'Schedule-399', 46, 305969, '2024-07-18 15:23:19', '2024-07-20 06:06:43'),
(567, 25, 'Schedule-115', 37, 2457538, '2024-07-07 11:07:42', '2024-07-10 05:30:27'),
(568, 4, 'Schedule-674', 28, 1654141, '2024-07-06 09:48:09', '2024-07-09 07:59:04'),
(569, 21, 'Schedule-479', 40, 1409173, '2024-07-13 10:14:34', '2024-07-13 20:59:57'),
(570, 2, 'Schedule-493', 33, 2491687, '2024-07-21 16:10:57', '2024-07-22 18:49:26'),
(571, 2, 'Schedule-834', 49, 2793289, '2024-06-30 09:52:53', '2024-07-02 04:26:29'),
(572, 40, 'Schedule-913', 28, 483795, '2024-07-16 07:38:25', '2024-07-17 05:29:06'),
(573, 17, 'Schedule-856', 45, 1301870, '2024-07-07 09:51:59', '2024-07-07 16:23:59'),
(574, 6, 'Schedule-332', 32, 2907335, '2024-07-04 01:26:37', '2024-07-06 20:22:00'),
(575, 51, 'Schedule-339', 41, 833326, '2024-07-18 05:44:52', '2024-07-18 14:03:13'),
(576, 51, 'Schedule-806', 47, 1404317, '2024-07-11 23:25:09', '2024-07-13 02:14:01'),
(577, 8, 'Schedule-38', 46, 459320, '2024-07-21 18:17:34', '2024-07-22 14:37:40'),
(578, 12, 'Schedule-661', 43, 1105577, '2024-07-23 11:35:56', '2024-07-23 21:20:52'),
(579, 8, 'Schedule-968', 19, 1642449, '2024-07-19 21:02:30', '2024-07-21 11:22:00'),
(580, 26, 'Schedule-608', 10, 2963916, '2024-07-15 08:39:24', '2024-07-17 06:10:57'),
(581, 20, 'Schedule-75', 29, 117141, '2024-07-22 04:15:46', '2024-07-22 04:44:54'),
(582, 9, 'Schedule-978', 24, 2939473, '2024-07-28 19:05:15', '2024-07-29 03:54:08'),
(583, 4, 'Schedule-778', 32, 2417809, '2024-06-30 06:09:28', '2024-07-02 11:08:49'),
(584, 10, 'Schedule-69', 35, 2724037, '2024-07-15 18:52:03', '2024-07-17 18:33:54'),
(585, 50, 'Schedule-381', 7, 1628059, '2024-07-04 14:59:11', '2024-07-05 15:00:48'),
(586, 37, 'Schedule-658', 33, 1790046, '2024-07-13 05:31:02', '2024-07-15 09:30:35'),
(587, 55, 'Schedule-286', 16, 976294, '2024-07-22 07:00:36', '2024-07-25 03:46:57'),
(588, 19, 'Schedule-586', 7, 1065701, '2024-07-12 11:02:50', '2024-07-12 16:06:37'),
(589, 18, 'Schedule-362', 33, 2010404, '2024-07-02 06:10:51', '2024-07-04 13:21:33'),
(590, 13, 'Schedule-396', 30, 439162, '2024-07-08 18:38:23', '2024-07-10 23:20:19'),
(591, 19, 'Schedule-937', 47, 2637023, '2024-07-14 11:52:37', '2024-07-17 11:27:34'),
(592, 6, 'Schedule-401', 31, 2782562, '2024-07-20 01:35:27', '2024-07-22 15:28:50'),
(593, 9, 'Schedule-422', 48, 2509137, '2024-07-09 00:02:41', '2024-07-11 15:40:21'),
(594, 13, 'Schedule-459', 16, 1712241, '2024-07-15 08:42:45', '2024-07-16 22:26:14'),
(595, 42, 'Schedule-794', 29, 782477, '2024-07-19 03:26:23', '2024-07-21 13:26:59'),
(596, 51, 'Schedule-796', 31, 709717, '2024-07-22 12:17:06', '2024-07-25 00:01:26'),
(597, 45, 'Schedule-769', 14, 2458235, '2024-07-14 14:58:07', '2024-07-15 16:47:54'),
(598, 37, 'Schedule-509', 1, 808083, '2024-07-16 11:33:23', '2024-07-18 03:46:43'),
(599, 18, 'Schedule-880', 16, 2349734, '2024-07-20 06:59:51', '2024-07-23 03:05:32'),
(600, 48, 'Schedule-786', 11, 177876, '2024-06-29 16:06:38', '2024-07-01 04:54:06');
INSERT INTO `schedule` (`idSchedule`, `idRoute`, `scheduleName`, `stock`, `price`, `depatureDate`, `arrivalDate`) VALUES
(601, 54, 'Schedule-685', 43, 1826679, '2024-07-21 13:07:24', '2024-07-23 02:32:57'),
(602, 45, 'Schedule-366', 24, 2164107, '2024-06-30 12:10:59', '2024-07-03 01:51:51'),
(603, 56, 'Schedule-599', 19, 2694165, '2024-07-18 03:20:24', '2024-07-20 15:17:35'),
(604, 46, 'Schedule-116', 48, 2676833, '2024-07-20 06:03:14', '2024-07-20 21:00:36'),
(605, 53, 'Schedule-108', 9, 2479889, '2024-07-20 23:34:08', '2024-07-21 03:07:12'),
(606, 8, 'Schedule-150', 29, 2268308, '2024-07-03 23:58:27', '2024-07-05 04:06:50'),
(607, 26, 'Schedule-407', 30, 682585, '2024-07-16 12:03:07', '2024-07-18 11:13:43'),
(608, 52, 'Schedule-164', 29, 257570, '2024-07-15 13:42:59', '2024-07-17 01:04:36'),
(609, 4, 'Schedule-529', 12, 667133, '2024-07-11 03:57:09', '2024-07-12 21:56:21'),
(610, 20, 'Schedule-502', 6, 723413, '2024-07-16 17:44:57', '2024-07-19 10:26:44'),
(611, 28, 'Schedule-124', 21, 2278860, '2024-07-05 07:24:41', '2024-07-06 16:09:11'),
(612, 33, 'Schedule-636', 11, 840296, '2024-07-12 17:05:52', '2024-07-15 05:57:25'),
(613, 19, 'Schedule-273', 12, 1789774, '2024-07-22 06:17:41', '2024-07-22 23:35:08'),
(614, 51, 'Schedule-851', 31, 2142462, '2024-07-08 09:16:32', '2024-07-09 16:19:55'),
(615, 16, 'Schedule-409', 18, 2412576, '2024-07-25 01:38:37', '2024-07-26 20:52:22'),
(616, 10, 'Schedule-724', 23, 2572100, '2024-07-22 18:02:10', '2024-07-22 23:20:53'),
(617, 8, 'Schedule-898', 14, 648313, '2024-07-26 04:20:46', '2024-07-28 03:18:15'),
(618, 60, 'Schedule-608', 15, 262649, '2024-07-24 12:47:29', '2024-07-25 14:46:49'),
(619, 47, 'Schedule-578', 7, 2189648, '2024-07-04 08:33:04', '2024-07-04 12:30:21'),
(620, 7, 'Schedule-519', 9, 1246736, '2024-07-27 23:21:08', '2024-07-30 13:14:22'),
(621, 43, 'Schedule-132', 27, 857725, '2024-06-29 17:44:23', '2024-07-02 00:45:49'),
(622, 42, 'Schedule-431', 46, 1783469, '2024-07-15 11:36:57', '2024-07-18 07:34:22'),
(623, 36, 'Schedule-403', 22, 2060227, '2024-07-27 17:23:52', '2024-07-28 05:20:57'),
(624, 50, 'Schedule-80', 12, 1655701, '2024-07-19 13:04:17', '2024-07-22 03:05:22'),
(625, 11, 'Schedule-273', 31, 2077793, '2024-07-16 16:05:37', '2024-07-19 11:47:51'),
(626, 5, 'Schedule-240', 14, 1506070, '2024-07-24 08:26:12', '2024-07-26 05:41:39'),
(627, 5, 'Schedule-280', 35, 2194488, '2024-07-25 09:55:57', '2024-07-26 00:13:03'),
(628, 47, 'Schedule-192', 27, 742850, '2024-07-05 18:46:47', '2024-07-07 18:00:02'),
(629, 32, 'Schedule-668', 30, 114726, '2024-07-23 14:52:14', '2024-07-24 03:55:23'),
(630, 47, 'Schedule-496', 11, 1112898, '2024-07-05 05:56:35', '2024-07-06 08:50:44'),
(631, 9, 'Schedule-589', 15, 1168122, '2024-07-09 09:10:09', '2024-07-10 01:59:56'),
(632, 21, 'Schedule-619', 5, 2306305, '2024-07-17 03:17:06', '2024-07-19 01:53:01'),
(633, 47, 'Schedule-313', 29, 1265692, '2024-07-02 09:35:47', '2024-07-04 03:46:38'),
(634, 59, 'Schedule-648', 32, 1259475, '2024-07-04 01:10:50', '2024-07-06 22:26:25'),
(635, 48, 'Schedule-177', 8, 2484341, '2024-07-18 18:25:42', '2024-07-19 22:49:38'),
(636, 31, 'Schedule-48', 13, 2111379, '2024-07-05 05:02:32', '2024-07-06 16:32:10'),
(637, 50, 'Schedule-964', 33, 1223216, '2024-07-13 07:03:10', '2024-07-15 05:21:29'),
(638, 40, 'Schedule-226', 25, 1733815, '2024-07-10 06:24:32', '2024-07-12 17:26:59'),
(639, 50, 'Schedule-11', 27, 2220175, '2024-07-11 23:37:45', '2024-07-14 10:20:03'),
(640, 35, 'Schedule-931', 21, 239944, '2024-07-26 20:51:25', '2024-07-29 10:40:45'),
(641, 1, 'Schedule-391', 40, 1741165, '2024-07-07 05:42:45', '2024-07-08 23:59:40'),
(642, 59, 'Schedule-180', 12, 887583, '2024-07-17 20:03:32', '2024-07-17 20:45:13'),
(643, 60, 'Schedule-630', 34, 1396414, '2024-07-06 00:31:07', '2024-07-07 16:36:23'),
(644, 62, 'Schedule-567', 17, 1778063, '2024-07-03 16:09:06', '2024-07-05 17:51:58'),
(645, 50, 'Schedule-244', 35, 2949081, '2024-07-27 12:29:57', '2024-07-30 04:57:00'),
(646, 37, 'Schedule-915', 40, 1602799, '2024-07-09 13:10:18', '2024-07-11 22:21:45'),
(647, 58, 'Schedule-611', 31, 2124462, '2024-07-10 16:00:37', '2024-07-10 22:45:44'),
(648, 27, 'Schedule-588', 18, 1620148, '2024-07-17 10:24:25', '2024-07-17 13:50:59'),
(649, 51, 'Schedule-151', 45, 477513, '2024-07-16 08:16:30', '2024-07-18 11:37:45'),
(650, 55, 'Schedule-400', 19, 2747514, '2024-07-10 02:50:12', '2024-07-12 11:51:05'),
(651, 2, 'Schedule-225', 38, 828549, '2024-07-11 16:53:31', '2024-07-14 06:03:03'),
(652, 22, 'Schedule-38', 28, 2186166, '2024-07-25 03:14:43', '2024-07-26 12:12:17'),
(653, 61, 'Schedule-999', 2, 1860853, '2024-07-25 11:50:22', '2024-07-26 08:23:29'),
(654, 2, 'Schedule-148', 17, 488708, '2024-06-30 11:36:59', '2024-07-02 11:06:42'),
(655, 54, 'Schedule-738', 27, 490597, '2024-07-21 12:11:48', '2024-07-23 14:02:38'),
(656, 24, 'Schedule-29', 44, 1077111, '2024-07-02 10:33:33', '2024-07-03 16:35:37'),
(657, 4, 'Schedule-106', 49, 476514, '2024-07-02 00:03:58', '2024-07-04 15:19:23'),
(658, 28, 'Schedule-961', 44, 116772, '2024-07-24 22:28:14', '2024-07-27 15:55:29'),
(659, 60, 'Schedule-987', 28, 404624, '2024-07-10 17:42:21', '2024-07-11 16:35:37'),
(660, 14, 'Schedule-515', 37, 406202, '2024-07-10 21:06:06', '2024-07-12 16:02:10'),
(661, 39, 'Schedule-985', 48, 1686785, '2024-07-08 19:14:33', '2024-07-10 12:43:10'),
(662, 55, 'Schedule-392', 14, 2903802, '2024-06-28 23:30:40', '2024-07-01 12:08:26'),
(663, 11, 'Schedule-319', 48, 879085, '2024-07-17 03:16:33', '2024-07-18 15:53:01'),
(664, 9, 'Schedule-6', 45, 1386981, '2024-06-29 03:52:44', '2024-06-30 09:18:04'),
(665, 57, 'Schedule-563', 42, 2437281, '2024-07-07 05:42:29', '2024-07-09 16:57:30'),
(666, 57, 'Schedule-104', 6, 255845, '2024-07-26 07:08:53', '2024-07-27 07:53:47'),
(667, 23, 'Schedule-356', 11, 612300, '2024-07-02 14:20:00', '2024-07-04 20:13:29'),
(668, 5, 'Schedule-132', 48, 383986, '2024-07-13 05:02:38', '2024-07-15 10:13:32'),
(669, 44, 'Schedule-190', 1, 414765, '2024-06-28 23:41:34', '2024-07-01 15:21:49'),
(670, 34, 'Schedule-750', 3, 213286, '2024-07-03 02:12:14', '2024-07-03 03:51:52'),
(671, 6, 'Schedule-253', 39, 1973123, '2024-07-18 16:11:52', '2024-07-20 07:24:40'),
(672, 25, 'Schedule-489', 35, 139037, '2024-06-29 09:48:42', '2024-06-30 20:25:39'),
(673, 60, 'Schedule-103', 11, 390338, '2024-07-12 05:58:41', '2024-07-13 18:25:54'),
(674, 57, 'Schedule-799', 14, 625713, '2024-07-25 04:48:24', '2024-07-26 00:18:04'),
(675, 22, 'Schedule-494', 12, 2033724, '2024-07-14 05:18:07', '2024-07-15 14:28:22'),
(676, 10, 'Schedule-357', 15, 1640877, '2024-07-26 11:29:21', '2024-07-29 05:35:01'),
(677, 22, 'Schedule-354', 5, 846306, '2024-07-27 17:32:48', '2024-07-29 09:13:19'),
(678, 33, 'Schedule-306', 41, 1065298, '2024-07-23 00:42:37', '2024-07-24 13:50:33'),
(679, 55, 'Schedule-652', 4, 2180153, '2024-07-24 17:22:22', '2024-07-26 15:58:48'),
(680, 35, 'Schedule-849', 36, 2386918, '2024-07-13 22:57:57', '2024-07-15 02:22:19'),
(681, 30, 'Schedule-116', 49, 1444085, '2024-07-10 05:22:56', '2024-07-12 02:07:38'),
(682, 55, 'Schedule-268', 30, 2298068, '2024-07-10 20:56:17', '2024-07-12 01:50:32'),
(683, 45, 'Schedule-230', 1, 1772738, '2024-07-18 15:34:59', '2024-07-20 06:06:20'),
(684, 50, 'Schedule-486', 41, 2573301, '2024-07-01 21:28:54', '2024-07-03 00:01:35'),
(685, 51, 'Schedule-934', 44, 2417397, '2024-07-15 15:47:26', '2024-07-16 15:13:28'),
(686, 22, 'Schedule-768', 35, 888446, '2024-07-10 21:52:31', '2024-07-13 20:24:44'),
(687, 55, 'Schedule-432', 40, 1903873, '2024-07-09 19:58:01', '2024-07-10 15:11:53'),
(688, 35, 'Schedule-464', 22, 1478735, '2024-07-27 14:21:31', '2024-07-30 07:27:20'),
(689, 23, 'Schedule-576', 4, 2835172, '2024-07-23 00:32:37', '2024-07-23 20:23:14'),
(690, 49, 'Schedule-955', 27, 1049921, '2024-07-14 06:44:42', '2024-07-17 04:00:32'),
(691, 43, 'Schedule-678', 2, 2162564, '2024-07-14 07:46:54', '2024-07-14 23:50:17'),
(692, 17, 'Schedule-903', 18, 2075284, '2024-07-22 03:58:53', '2024-07-22 10:19:23'),
(693, 34, 'Schedule-478', 48, 2475262, '2024-07-09 09:11:04', '2024-07-09 17:06:41'),
(694, 1, 'Schedule-610', 11, 2783434, '2024-06-30 15:48:50', '2024-07-01 18:47:44'),
(695, 16, 'Schedule-647', 31, 1583308, '2024-07-19 13:11:53', '2024-07-20 12:01:56'),
(696, 5, 'Schedule-308', 11, 2185833, '2024-07-12 10:03:34', '2024-07-14 15:46:50'),
(697, 16, 'Schedule-875', 11, 2378546, '2024-07-04 22:34:14', '2024-07-04 22:52:54'),
(698, 40, 'Schedule-121', 15, 967340, '2024-07-26 02:27:04', '2024-07-27 11:06:09'),
(699, 56, 'Schedule-875', 10, 661113, '2024-07-04 10:16:02', '2024-07-07 01:25:22'),
(700, 12, 'Schedule-815', 7, 2865101, '2024-07-20 12:03:28', '2024-07-21 20:59:53'),
(701, 43, 'Schedule-978', 34, 286522, '2024-07-13 10:25:22', '2024-07-15 09:46:22'),
(702, 3, 'Schedule-43', 45, 316722, '2024-07-19 21:15:15', '2024-07-21 21:40:02'),
(703, 14, 'Schedule-563', 13, 1355043, '2024-07-08 09:54:39', '2024-07-10 11:00:53'),
(704, 46, 'Schedule-740', 26, 2552793, '2024-07-05 00:05:32', '2024-07-05 07:42:07'),
(705, 51, 'Schedule-606', 29, 2163294, '2024-07-27 16:46:10', '2024-07-29 10:54:58'),
(706, 23, 'Schedule-296', 27, 2214826, '2024-07-08 22:30:24', '2024-07-10 15:17:37'),
(707, 17, 'Schedule-662', 12, 1319421, '2024-07-08 08:24:40', '2024-07-10 00:50:53'),
(708, 22, 'Schedule-366', 43, 1056025, '2024-07-16 06:15:49', '2024-07-17 20:33:41'),
(709, 43, 'Schedule-250', 21, 1763830, '2024-07-09 17:30:30', '2024-07-12 08:31:19'),
(710, 32, 'Schedule-667', 49, 2714001, '2024-07-02 21:34:32', '2024-07-04 14:34:13'),
(711, 53, 'Schedule-973', 30, 2316813, '2024-07-15 05:03:31', '2024-07-17 18:22:09'),
(712, 24, 'Schedule-246', 23, 2267906, '2024-07-15 14:31:45', '2024-07-16 08:08:58'),
(713, 13, 'Schedule-805', 21, 634303, '2024-06-30 16:20:09', '2024-07-01 16:15:00'),
(714, 39, 'Schedule-111', 19, 1527945, '2024-07-15 14:40:42', '2024-07-16 11:33:35'),
(715, 51, 'Schedule-6', 39, 929431, '2024-06-30 04:16:35', '2024-06-30 10:06:34'),
(716, 28, 'Schedule-41', 39, 1859484, '2024-07-12 20:16:07', '2024-07-13 19:13:46'),
(717, 44, 'Schedule-35', 41, 2991951, '2024-07-10 23:02:56', '2024-07-13 06:55:14'),
(718, 3, 'Schedule-80', 28, 2998777, '2024-07-18 19:04:57', '2024-07-21 17:25:20'),
(719, 3, 'Schedule-419', 45, 2785466, '2024-07-19 08:24:03', '2024-07-22 06:22:38'),
(720, 56, 'Schedule-647', 49, 1134045, '2024-07-11 23:11:17', '2024-07-14 00:54:24'),
(721, 34, 'Schedule-935', 31, 1929763, '2024-07-09 01:37:14', '2024-07-11 16:52:09'),
(722, 12, 'Schedule-561', 9, 2710572, '2024-06-30 04:39:50', '2024-07-02 22:52:36'),
(723, 24, 'Schedule-679', 16, 721567, '2024-07-15 05:18:55', '2024-07-17 10:04:26'),
(724, 32, 'Schedule-518', 28, 2171813, '2024-06-30 11:40:50', '2024-06-30 23:51:34'),
(725, 62, 'Schedule-897', 42, 1693288, '2024-07-04 04:04:07', '2024-07-04 08:45:18'),
(726, 28, 'Schedule-933', 11, 1264816, '2024-07-13 07:51:36', '2024-07-16 06:44:32'),
(727, 16, 'Schedule-465', 9, 1243778, '2024-07-13 03:40:07', '2024-07-13 09:54:09'),
(728, 49, 'Schedule-886', 36, 1194518, '2024-07-03 12:03:55', '2024-07-05 20:19:35'),
(729, 42, 'Schedule-777', 37, 1005453, '2024-07-04 09:18:03', '2024-07-05 09:21:28'),
(730, 28, 'Schedule-727', 11, 1206467, '2024-06-30 05:19:33', '2024-07-03 00:25:16'),
(731, 28, 'Schedule-298', 30, 2977910, '2024-07-25 01:56:03', '2024-07-25 13:26:34'),
(732, 56, 'Schedule-684', 3, 609819, '2024-06-29 07:49:52', '2024-07-02 04:03:45'),
(733, 48, 'Schedule-383', 7, 158562, '2024-07-21 20:47:39', '2024-07-22 02:11:58'),
(734, 38, 'Schedule-630', 42, 1041375, '2024-07-16 12:45:31', '2024-07-18 20:05:25'),
(735, 11, 'Schedule-895', 38, 1853038, '2024-07-27 11:11:35', '2024-07-30 10:54:02'),
(736, 29, 'Schedule-331', 23, 2461165, '2024-07-23 11:58:47', '2024-07-25 06:15:04'),
(737, 50, 'Schedule-890', 26, 2073774, '2024-07-11 01:07:58', '2024-07-12 04:54:14'),
(738, 44, 'Schedule-696', 8, 2470555, '2024-07-28 08:54:49', '2024-07-28 23:37:01'),
(739, 41, 'Schedule-290', 17, 1234805, '2024-07-01 16:20:39', '2024-07-02 07:38:42'),
(740, 45, 'Schedule-667', 35, 176854, '2024-07-10 00:16:35', '2024-07-12 21:00:41'),
(741, 10, 'Schedule-530', 45, 945220, '2024-07-25 00:41:50', '2024-07-26 16:01:55'),
(742, 61, 'Schedule-915', 34, 180066, '2024-07-09 15:01:24', '2024-07-11 09:39:15'),
(743, 43, 'Schedule-821', 1, 2429327, '2024-07-13 12:52:25', '2024-07-14 06:20:28'),
(744, 8, 'Schedule-720', 5, 529691, '2024-07-15 00:56:40', '2024-07-16 12:48:04'),
(745, 52, 'Schedule-578', 33, 2968360, '2024-07-02 06:49:05', '2024-07-02 23:08:13'),
(746, 46, 'Schedule-783', 23, 1680116, '2024-07-27 13:22:49', '2024-07-28 22:30:21'),
(747, 56, 'Schedule-266', 20, 690465, '2024-07-21 20:31:58', '2024-07-24 10:30:59'),
(748, 4, 'Schedule-515', 27, 1895038, '2024-07-07 13:09:09', '2024-07-09 23:13:20'),
(749, 36, 'Schedule-998', 46, 1804452, '2024-07-26 18:41:45', '2024-07-27 13:18:59'),
(750, 50, 'Schedule-128', 33, 687833, '2024-07-04 20:00:09', '2024-07-06 11:21:09'),
(751, 29, 'Schedule-435', 45, 1764884, '2024-07-04 00:45:50', '2024-07-04 01:34:17'),
(752, 18, 'Schedule-179', 4, 2594922, '2024-07-25 22:11:59', '2024-07-26 18:20:54'),
(753, 35, 'Schedule-185', 32, 970369, '2024-07-08 09:00:57', '2024-07-10 10:41:38'),
(754, 41, 'Schedule-652', 4, 1441955, '2024-07-03 00:19:12', '2024-07-05 06:55:33'),
(755, 44, 'Schedule-388', 39, 1575948, '2024-07-18 09:42:40', '2024-07-20 03:56:20'),
(756, 9, 'Schedule-23', 41, 717093, '2024-07-17 08:42:32', '2024-07-20 02:35:01'),
(757, 13, 'Schedule-812', 47, 2096956, '2024-07-05 09:14:21', '2024-07-05 09:26:43'),
(758, 11, 'Schedule-163', 48, 1502476, '2024-07-10 07:48:38', '2024-07-12 16:00:36'),
(759, 33, 'Schedule-345', 3, 754654, '2024-06-29 22:31:20', '2024-07-02 05:42:32'),
(760, 47, 'Schedule-685', 22, 2955717, '2024-07-11 18:35:59', '2024-07-12 01:27:37'),
(761, 17, 'Schedule-324', 42, 2348118, '2024-07-28 19:37:08', '2024-07-29 19:01:02'),
(762, 6, 'Schedule-80', 34, 2151364, '2024-07-05 01:07:03', '2024-07-06 21:19:46'),
(763, 36, 'Schedule-439', 34, 278591, '2024-07-08 21:25:10', '2024-07-10 00:07:36'),
(764, 55, 'Schedule-555', 9, 1703950, '2024-07-22 00:05:39', '2024-07-24 03:22:18'),
(765, 54, 'Schedule-876', 16, 413776, '2024-06-30 15:48:38', '2024-07-03 06:29:02'),
(766, 42, 'Schedule-328', 6, 1382035, '2024-06-30 22:45:07', '2024-07-03 21:20:21'),
(767, 2, 'Schedule-827', 40, 2999707, '2024-07-27 21:45:13', '2024-07-30 19:45:46'),
(768, 52, 'Schedule-101', 18, 1389464, '2024-07-13 12:22:13', '2024-07-13 16:38:33'),
(769, 42, 'Schedule-767', 36, 2320900, '2024-07-22 13:41:41', '2024-07-23 22:18:04'),
(770, 20, 'Schedule-798', 9, 1923707, '2024-07-18 01:05:55', '2024-07-19 02:31:17'),
(771, 61, 'Schedule-557', 1, 190482, '2024-07-03 17:35:30', '2024-07-05 15:31:25'),
(772, 28, 'Schedule-609', 25, 2502754, '2024-07-20 00:12:19', '2024-07-22 05:18:59'),
(773, 19, 'Schedule-825', 39, 2387363, '2024-07-06 07:02:03', '2024-07-06 13:17:59'),
(774, 62, 'Schedule-40', 23, 1589127, '2024-07-27 23:01:43', '2024-07-28 21:52:12'),
(775, 19, 'Schedule-218', 17, 890306, '2024-07-11 18:52:01', '2024-07-12 11:40:40'),
(776, 4, 'Schedule-431', 40, 2139356, '2024-07-28 13:17:10', '2024-07-29 03:18:30'),
(777, 23, 'Schedule-765', 11, 312911, '2024-07-04 01:00:31', '2024-07-05 10:04:19'),
(778, 46, 'Schedule-843', 49, 423624, '2024-07-26 17:52:44', '2024-07-27 14:26:32'),
(779, 25, 'Schedule-56', 25, 568819, '2024-07-15 11:32:41', '2024-07-17 01:05:07'),
(780, 38, 'Schedule-22', 44, 388849, '2024-07-03 13:36:05', '2024-07-06 13:17:14'),
(781, 61, 'Schedule-731', 8, 1854805, '2024-07-17 15:17:14', '2024-07-18 04:30:12'),
(782, 57, 'Schedule-195', 29, 1649129, '2024-07-14 00:35:56', '2024-07-14 19:05:34'),
(783, 33, 'Schedule-289', 27, 487398, '2024-07-07 08:13:28', '2024-07-07 16:42:17'),
(784, 1, 'Schedule-434', 1, 1800306, '2024-07-16 08:53:42', '2024-07-18 04:37:28'),
(785, 26, 'Schedule-215', 31, 1468300, '2024-07-12 03:24:00', '2024-07-14 05:44:21'),
(786, 39, 'Schedule-742', 8, 2595508, '2024-07-14 10:38:59', '2024-07-16 05:38:07'),
(787, 45, 'Schedule-997', 37, 1121528, '2024-07-19 08:31:02', '2024-07-21 20:56:48'),
(788, 47, 'Schedule-661', 47, 1850809, '2024-06-29 06:28:55', '2024-06-29 12:08:48'),
(789, 58, 'Schedule-426', 29, 1765435, '2024-07-02 03:27:58', '2024-07-02 08:41:34'),
(790, 37, 'Schedule-936', 24, 1478564, '2024-07-17 04:03:09', '2024-07-18 22:52:08'),
(791, 24, 'Schedule-176', 23, 2232185, '2024-07-10 19:15:51', '2024-07-11 15:56:29'),
(792, 57, 'Schedule-588', 12, 1532574, '2024-07-12 18:00:14', '2024-07-14 16:58:50'),
(793, 60, 'Schedule-890', 14, 2930558, '2024-07-06 14:48:27', '2024-07-07 14:11:00'),
(794, 43, 'Schedule-931', 38, 895360, '2024-07-01 18:02:17', '2024-07-03 09:32:14'),
(795, 1, 'Schedule-719', 31, 126874, '2024-07-21 18:51:02', '2024-07-22 22:52:23'),
(796, 54, 'Schedule-325', 19, 1848355, '2024-07-19 06:13:31', '2024-07-20 00:15:26'),
(797, 44, 'Schedule-350', 2, 1049200, '2024-07-25 22:02:59', '2024-07-26 01:22:04'),
(798, 24, 'Schedule-966', 7, 1477088, '2024-07-05 04:37:38', '2024-07-06 21:28:00'),
(799, 13, 'Schedule-963', 34, 1638943, '2024-07-03 11:09:36', '2024-07-03 13:52:26'),
(800, 19, 'Schedule-745', 44, 2220151, '2024-07-13 21:33:30', '2024-07-16 14:24:33'),
(801, 2, 'Schedule-730', 37, 2213911, '2024-07-15 12:03:49', '2024-07-16 17:45:19'),
(802, 22, 'Schedule-815', 6, 157949, '2024-07-01 15:52:37', '2024-07-01 19:11:21'),
(803, 47, 'Schedule-179', 14, 2809816, '2024-07-28 12:59:44', '2024-07-30 10:59:19'),
(804, 41, 'Schedule-736', 14, 2714679, '2024-06-30 04:48:53', '2024-07-03 03:37:03'),
(805, 4, 'Schedule-99', 41, 2859974, '2024-07-16 09:11:34', '2024-07-18 07:47:10'),
(806, 34, 'Schedule-544', 43, 453839, '2024-07-28 16:51:15', '2024-07-28 19:24:21'),
(807, 16, 'Schedule-238', 16, 2230496, '2024-07-01 12:12:25', '2024-07-02 15:46:36'),
(808, 17, 'Schedule-282', 11, 892476, '2024-07-03 22:26:57', '2024-07-06 22:10:09'),
(809, 4, 'Schedule-829', 29, 1050380, '2024-07-11 17:27:41', '2024-07-14 02:09:37'),
(810, 58, 'Schedule-30', 40, 2749825, '2024-07-12 15:19:16', '2024-07-13 21:50:00'),
(811, 9, 'Schedule-497', 38, 1284981, '2024-07-15 02:14:40', '2024-07-15 10:51:00'),
(812, 47, 'Schedule-861', 15, 1171795, '2024-07-12 21:01:04', '2024-07-13 04:38:43'),
(813, 29, 'Schedule-905', 31, 654367, '2024-07-15 06:39:05', '2024-07-17 02:23:55'),
(814, 49, 'Schedule-756', 41, 1887321, '2024-07-02 23:43:12', '2024-07-04 07:52:55'),
(815, 11, 'Schedule-42', 19, 1994149, '2024-07-10 21:17:44', '2024-07-11 11:10:46'),
(816, 61, 'Schedule-181', 3, 737568, '2024-06-29 04:58:45', '2024-07-01 05:33:05'),
(817, 1, 'Schedule-217', 4, 1112395, '2024-07-04 01:13:25', '2024-07-04 11:23:09'),
(818, 5, 'Schedule-127', 28, 515467, '2024-07-02 05:19:42', '2024-07-03 22:41:48'),
(819, 16, 'Schedule-274', 44, 1790899, '2024-07-06 02:13:41', '2024-07-07 03:17:48'),
(820, 29, 'Schedule-517', 21, 478045, '2024-07-24 19:14:57', '2024-07-27 17:36:08'),
(821, 22, 'Schedule-502', 37, 2612927, '2024-07-22 12:01:39', '2024-07-23 02:47:32'),
(822, 29, 'Schedule-310', 43, 2852925, '2024-07-28 14:49:56', '2024-07-29 09:14:55'),
(823, 46, 'Schedule-626', 13, 1403396, '2024-07-18 07:37:47', '2024-07-19 01:48:58'),
(824, 37, 'Schedule-265', 8, 1473767, '2024-07-18 23:36:33', '2024-07-21 02:03:10'),
(825, 14, 'Schedule-54', 8, 1014259, '2024-07-16 06:41:56', '2024-07-18 05:48:03'),
(826, 41, 'Schedule-646', 1, 1476151, '2024-07-19 23:55:32', '2024-07-21 03:27:49'),
(827, 47, 'Schedule-877', 21, 2850848, '2024-06-30 08:08:54', '2024-07-02 10:26:55'),
(828, 11, 'Schedule-965', 25, 779811, '2024-07-06 18:21:12', '2024-07-09 13:27:29'),
(829, 16, 'Schedule-747', 39, 443755, '2024-07-19 23:42:10', '2024-07-21 04:56:13'),
(830, 20, 'Schedule-776', 19, 973945, '2024-07-05 12:51:48', '2024-07-05 19:44:10'),
(831, 57, 'Schedule-2', 1, 817200, '2024-07-22 22:49:39', '2024-07-24 02:40:07'),
(832, 23, 'Schedule-918', 2, 1983441, '2024-07-15 13:17:21', '2024-07-17 16:38:25'),
(833, 27, 'Schedule-202', 10, 1235113, '2024-07-10 15:56:37', '2024-07-11 07:30:24'),
(834, 41, 'Schedule-716', 39, 1476312, '2024-07-19 21:25:32', '2024-07-21 23:21:38'),
(835, 11, 'Schedule-400', 12, 1381912, '2024-07-25 22:15:25', '2024-07-26 13:06:37'),
(836, 42, 'Schedule-863', 12, 2694665, '2024-07-27 10:15:37', '2024-07-27 16:18:43'),
(837, 54, 'Schedule-360', 43, 955325, '2024-07-13 02:44:48', '2024-07-14 10:43:59'),
(838, 22, 'Schedule-235', 48, 1967337, '2024-07-13 02:42:21', '2024-07-15 08:09:24'),
(839, 38, 'Schedule-932', 36, 2954406, '2024-07-26 03:49:45', '2024-07-28 08:21:28'),
(840, 21, 'Schedule-610', 39, 1833893, '2024-07-10 17:50:15', '2024-07-11 09:11:24'),
(841, 44, 'Schedule-8', 45, 285380, '2024-07-12 17:46:28', '2024-07-13 20:18:12'),
(842, 34, 'Schedule-949', 37, 2761538, '2024-07-16 00:46:04', '2024-07-17 02:52:45'),
(843, 19, 'Schedule-826', 34, 1791158, '2024-07-28 14:52:39', '2024-07-31 06:09:30'),
(844, 42, 'Schedule-5', 31, 775509, '2024-07-11 19:52:35', '2024-07-12 08:43:10'),
(845, 44, 'Schedule-380', 17, 1199339, '2024-07-14 02:10:24', '2024-07-15 05:38:44'),
(846, 21, 'Schedule-508', 46, 2371718, '2024-07-10 04:24:17', '2024-07-13 03:49:17'),
(847, 18, 'Schedule-135', 22, 2774599, '2024-07-19 22:37:05', '2024-07-20 23:44:05'),
(848, 37, 'Schedule-133', 40, 1590474, '2024-07-09 03:58:25', '2024-07-09 16:07:25'),
(849, 53, 'Schedule-825', 49, 2862226, '2024-07-15 00:36:29', '2024-07-17 01:12:57'),
(850, 6, 'Schedule-588', 41, 2709881, '2024-06-30 15:51:21', '2024-07-02 04:17:16'),
(851, 32, 'Schedule-169', 10, 736670, '2024-07-03 07:20:53', '2024-07-03 08:28:54'),
(852, 44, 'Schedule-191', 14, 622775, '2024-07-09 20:22:04', '2024-07-10 20:01:36'),
(853, 35, 'Schedule-953', 4, 129578, '2024-07-04 12:15:14', '2024-07-06 18:45:20'),
(854, 13, 'Schedule-165', 6, 410848, '2024-07-04 17:39:36', '2024-07-06 21:02:48'),
(855, 47, 'Schedule-503', 20, 1973302, '2024-07-08 14:00:01', '2024-07-11 12:58:30'),
(856, 14, 'Schedule-879', 1, 2424372, '2024-07-20 01:05:56', '2024-07-20 10:21:49'),
(857, 49, 'Schedule-739', 34, 1350706, '2024-07-17 10:57:05', '2024-07-17 18:55:47'),
(858, 28, 'Schedule-758', 19, 699103, '2024-07-10 23:17:58', '2024-07-11 08:34:38'),
(859, 49, 'Schedule-974', 1, 688509, '2024-07-13 09:56:54', '2024-07-15 14:27:24'),
(860, 21, 'Schedule-922', 44, 726197, '2024-07-05 21:19:12', '2024-07-08 07:39:07'),
(861, 49, 'Schedule-258', 5, 691341, '2024-06-29 15:42:36', '2024-06-30 17:24:56'),
(862, 52, 'Schedule-537', 43, 1758596, '2024-07-19 10:06:21', '2024-07-20 02:15:37'),
(863, 30, 'Schedule-751', 15, 1223303, '2024-07-20 23:55:41', '2024-07-22 20:27:41'),
(864, 9, 'Schedule-8', 28, 854889, '2024-07-20 17:00:09', '2024-07-23 01:52:19'),
(865, 30, 'Schedule-418', 22, 2146463, '2024-07-06 18:27:07', '2024-07-09 15:28:15'),
(866, 61, 'Schedule-250', 37, 2270855, '2024-07-06 17:28:45', '2024-07-08 20:02:19'),
(867, 50, 'Schedule-875', 41, 342637, '2024-07-08 10:03:41', '2024-07-11 07:47:40'),
(868, 43, 'Schedule-635', 25, 2538945, '2024-07-08 20:14:58', '2024-07-08 21:03:56'),
(869, 53, 'Schedule-825', 11, 1739738, '2024-07-12 19:02:36', '2024-07-15 00:44:15'),
(870, 58, 'Schedule-469', 31, 2506853, '2024-07-05 23:28:33', '2024-07-08 13:26:15'),
(871, 45, 'Schedule-943', 31, 999679, '2024-07-07 14:43:55', '2024-07-09 20:19:09'),
(872, 56, 'Schedule-807', 32, 1899835, '2024-07-14 20:50:57', '2024-07-15 07:13:55'),
(873, 26, 'Schedule-889', 6, 2995080, '2024-07-23 13:45:56', '2024-07-25 08:06:06'),
(874, 23, 'Schedule-341', 33, 1602095, '2024-07-12 01:36:01', '2024-07-14 19:11:51'),
(875, 46, 'Schedule-609', 48, 984330, '2024-07-16 09:11:59', '2024-07-18 13:58:45'),
(876, 37, 'Schedule-418', 17, 1632481, '2024-07-07 19:03:36', '2024-07-10 00:08:38'),
(877, 39, 'Schedule-649', 10, 2578730, '2024-07-23 10:07:23', '2024-07-26 00:30:24'),
(878, 41, 'Schedule-973', 22, 717036, '2024-07-02 07:56:39', '2024-07-05 00:09:00'),
(879, 43, 'Schedule-252', 25, 2149501, '2024-07-07 14:22:05', '2024-07-10 02:27:21'),
(880, 24, 'Schedule-513', 17, 1910100, '2024-07-07 11:27:22', '2024-07-09 11:04:35'),
(881, 1, 'Schedule-514', 44, 243222, '2024-07-10 09:03:35', '2024-07-13 01:51:54'),
(882, 60, 'Schedule-892', 48, 750708, '2024-07-06 16:47:24', '2024-07-09 02:08:57'),
(883, 27, 'Schedule-667', 42, 2999530, '2024-07-26 08:37:26', '2024-07-26 14:15:30'),
(884, 49, 'Schedule-968', 44, 1255325, '2024-07-13 07:58:52', '2024-07-13 09:18:29'),
(885, 11, 'Schedule-119', 1, 2942405, '2024-07-04 22:53:37', '2024-07-05 08:27:56'),
(886, 62, 'Schedule-40', 16, 2410115, '2024-07-04 13:37:30', '2024-07-07 03:37:51'),
(887, 45, 'Schedule-805', 42, 2644024, '2024-07-16 18:05:10', '2024-07-19 03:25:50'),
(888, 6, 'Schedule-892', 32, 2143298, '2024-07-18 02:59:25', '2024-07-18 20:13:51'),
(889, 47, 'Schedule-369', 46, 1686723, '2024-07-26 19:55:06', '2024-07-28 19:25:11'),
(890, 15, 'Schedule-574', 28, 2398076, '2024-07-01 15:47:46', '2024-07-01 16:54:06'),
(891, 51, 'Schedule-458', 32, 1408982, '2024-07-19 09:32:51', '2024-07-19 11:11:55'),
(892, 21, 'Schedule-391', 27, 2074956, '2024-07-14 17:43:51', '2024-07-15 03:32:51'),
(893, 25, 'Schedule-201', 35, 1730150, '2024-07-28 04:38:35', '2024-07-30 21:16:22'),
(894, 59, 'Schedule-595', 48, 2561611, '2024-07-18 19:56:17', '2024-07-19 17:37:59'),
(895, 12, 'Schedule-954', 18, 2171146, '2024-07-04 21:36:44', '2024-07-05 11:54:24'),
(896, 40, 'Schedule-1000', 32, 1056474, '2024-07-13 01:34:21', '2024-07-14 16:29:37'),
(897, 22, 'Schedule-735', 24, 1176302, '2024-07-27 21:08:11', '2024-07-28 13:13:48'),
(898, 15, 'Schedule-313', 18, 1333363, '2024-07-04 02:32:04', '2024-07-05 01:53:00'),
(899, 36, 'Schedule-841', 22, 2483868, '2024-07-21 08:07:03', '2024-07-23 21:07:54'),
(900, 37, 'Schedule-83', 14, 1542452, '2024-07-09 02:02:15', '2024-07-11 11:09:56'),
(901, 61, 'Schedule-819', 26, 1188076, '2024-07-22 20:20:49', '2024-07-25 19:49:47'),
(902, 59, 'Schedule-566', 47, 1925807, '2024-07-26 06:53:35', '2024-07-28 21:17:51'),
(903, 5, 'Schedule-673', 31, 2585379, '2024-06-29 10:38:01', '2024-07-01 20:58:20'),
(904, 50, 'Schedule-346', 16, 520804, '2024-07-17 18:18:59', '2024-07-18 23:52:33'),
(905, 58, 'Schedule-784', 40, 1342697, '2024-07-08 12:13:25', '2024-07-11 05:25:52'),
(906, 62, 'Schedule-838', 3, 900134, '2024-07-08 22:06:26', '2024-07-11 00:00:28'),
(907, 54, 'Schedule-402', 38, 2493388, '2024-07-11 09:57:25', '2024-07-12 09:37:36'),
(908, 45, 'Schedule-624', 15, 2273760, '2024-07-06 15:04:37', '2024-07-08 04:53:13'),
(909, 48, 'Schedule-558', 38, 1118799, '2024-07-11 22:20:27', '2024-07-13 13:53:01'),
(910, 62, 'Schedule-587', 9, 2597845, '2024-07-22 15:37:34', '2024-07-23 22:09:49'),
(911, 33, 'Schedule-739', 31, 615146, '2024-07-28 06:31:00', '2024-07-28 07:17:20'),
(912, 2, 'Schedule-614', 39, 2227182, '2024-07-13 10:26:25', '2024-07-15 22:29:07'),
(913, 59, 'Schedule-329', 26, 2443156, '2024-06-29 06:48:51', '2024-06-30 10:15:36'),
(914, 53, 'Schedule-134', 30, 2675116, '2024-07-13 03:14:35', '2024-07-13 21:25:41'),
(915, 28, 'Schedule-885', 41, 2837897, '2024-07-07 02:14:21', '2024-07-08 14:51:55'),
(916, 23, 'Schedule-567', 7, 2010462, '2024-07-24 07:04:27', '2024-07-27 03:57:38'),
(917, 52, 'Schedule-306', 40, 1810529, '2024-07-06 12:27:19', '2024-07-08 13:23:30'),
(918, 46, 'Schedule-457', 16, 1737695, '2024-07-14 07:43:57', '2024-07-17 02:47:16'),
(919, 45, 'Schedule-796', 38, 2974036, '2024-07-10 19:15:21', '2024-07-13 03:51:11'),
(920, 19, 'Schedule-302', 18, 2227754, '2024-07-19 00:07:14', '2024-07-19 15:09:28'),
(921, 21, 'Schedule-15', 34, 1547997, '2024-07-16 23:56:47', '2024-07-17 13:24:54'),
(922, 35, 'Schedule-729', 6, 1835358, '2024-07-08 04:41:57', '2024-07-08 22:55:06'),
(923, 1, 'Schedule-89', 40, 918438, '2024-07-27 12:25:30', '2024-07-30 02:10:43'),
(924, 45, 'Schedule-5', 3, 2438189, '2024-07-26 19:37:21', '2024-07-28 12:11:44'),
(925, 2, 'Schedule-406', 31, 1626860, '2024-06-29 14:39:55', '2024-07-01 21:40:20'),
(926, 8, 'Schedule-837', 10, 1111590, '2024-07-20 12:18:25', '2024-07-21 19:12:34'),
(927, 36, 'Schedule-377', 32, 1146583, '2024-07-01 14:05:32', '2024-07-02 08:43:21'),
(928, 22, 'Schedule-210', 34, 274825, '2024-07-12 05:16:42', '2024-07-14 13:48:47'),
(929, 10, 'Schedule-571', 49, 1408975, '2024-07-02 09:03:09', '2024-07-02 23:05:54'),
(930, 40, 'Schedule-439', 31, 1628143, '2024-07-04 01:23:25', '2024-07-06 17:52:04'),
(931, 49, 'Schedule-59', 5, 2010297, '2024-07-01 07:16:22', '2024-07-01 08:03:27'),
(932, 61, 'Schedule-822', 42, 1681018, '2024-07-12 16:06:00', '2024-07-13 11:46:14'),
(933, 6, 'Schedule-363', 12, 2006722, '2024-07-12 15:31:33', '2024-07-14 07:30:16'),
(934, 33, 'Schedule-142', 9, 2762190, '2024-07-27 14:01:56', '2024-07-27 15:24:34'),
(935, 1, 'Schedule-260', 29, 2683571, '2024-07-19 18:51:11', '2024-07-22 11:15:00'),
(936, 23, 'Schedule-562', 48, 818128, '2024-07-11 23:26:54', '2024-07-14 08:36:51'),
(937, 2, 'Schedule-589', 23, 2116887, '2024-07-10 07:31:51', '2024-07-11 00:43:51'),
(938, 43, 'Schedule-411', 22, 697306, '2024-07-15 22:09:17', '2024-07-16 17:17:28'),
(939, 54, 'Schedule-639', 38, 665297, '2024-07-18 22:00:46', '2024-07-19 10:51:24'),
(940, 47, 'Schedule-250', 28, 1395910, '2024-07-11 11:03:53', '2024-07-12 00:15:13'),
(941, 61, 'Schedule-908', 33, 2677430, '2024-07-18 16:25:27', '2024-07-20 17:22:37'),
(942, 33, 'Schedule-658', 14, 434102, '2024-07-22 02:05:10', '2024-07-23 09:01:33'),
(943, 55, 'Schedule-827', 8, 756076, '2024-07-18 19:29:09', '2024-07-20 14:29:43'),
(944, 52, 'Schedule-182', 23, 641439, '2024-07-02 03:39:23', '2024-07-03 22:57:20'),
(945, 24, 'Schedule-702', 27, 1905399, '2024-07-22 17:42:43', '2024-07-25 02:06:30'),
(946, 8, 'Schedule-328', 1, 1824544, '2024-07-12 08:18:45', '2024-07-13 16:09:41'),
(947, 49, 'Schedule-36', 27, 786543, '2024-07-13 06:49:54', '2024-07-15 20:42:36'),
(948, 16, 'Schedule-366', 11, 2897553, '2024-07-22 18:47:08', '2024-07-24 02:32:39'),
(949, 41, 'Schedule-177', 30, 884169, '2024-07-10 18:47:34', '2024-07-12 18:03:46'),
(950, 43, 'Schedule-708', 1, 2703962, '2024-07-15 18:53:09', '2024-07-16 09:29:34'),
(951, 6, 'Schedule-869', 30, 2667912, '2024-07-16 14:11:26', '2024-07-19 10:44:54'),
(952, 35, 'Schedule-784', 45, 2641292, '2024-07-23 19:24:35', '2024-07-26 08:18:37'),
(953, 19, 'Schedule-716', 39, 2268671, '2024-07-10 14:06:15', '2024-07-11 05:44:36'),
(954, 32, 'Schedule-353', 32, 1340025, '2024-07-06 11:09:46', '2024-07-08 03:45:35'),
(955, 21, 'Schedule-269', 31, 914079, '2024-07-13 13:53:45', '2024-07-16 01:44:52'),
(956, 23, 'Schedule-778', 23, 421132, '2024-07-23 05:20:17', '2024-07-23 16:14:33'),
(957, 26, 'Schedule-859', 13, 2583766, '2024-07-09 03:43:45', '2024-07-10 13:22:21'),
(958, 62, 'Schedule-781', 21, 639124, '2024-07-23 21:28:31', '2024-07-25 10:12:44'),
(959, 43, 'Schedule-511', 26, 2011143, '2024-07-18 02:51:15', '2024-07-18 10:26:41'),
(960, 18, 'Schedule-496', 7, 2124655, '2024-07-28 06:06:40', '2024-07-29 13:36:26'),
(961, 55, 'Schedule-184', 33, 2720163, '2024-07-06 11:22:44', '2024-07-07 08:04:48'),
(962, 15, 'Schedule-759', 33, 796451, '2024-07-01 05:01:51', '2024-07-03 16:16:43'),
(963, 58, 'Schedule-959', 27, 1439797, '2024-07-21 13:37:44', '2024-07-24 02:46:00'),
(964, 37, 'Schedule-55', 2, 2548265, '2024-07-02 01:09:21', '2024-07-04 14:19:10'),
(965, 21, 'Schedule-443', 38, 634340, '2024-07-12 09:17:14', '2024-07-13 19:36:48'),
(966, 58, 'Schedule-376', 1, 122348, '2024-07-27 12:10:24', '2024-07-29 15:34:44'),
(967, 7, 'Schedule-484', 21, 1878771, '2024-07-11 22:07:42', '2024-07-14 07:43:23'),
(968, 26, 'Schedule-920', 29, 2568572, '2024-07-05 06:51:24', '2024-07-05 23:16:10'),
(969, 48, 'Schedule-428', 4, 2309508, '2024-07-05 22:40:51', '2024-07-08 09:02:48'),
(970, 20, 'Schedule-732', 21, 280536, '2024-07-26 12:31:10', '2024-07-27 14:27:13'),
(971, 1, 'Schedule-277', 49, 2299742, '2024-07-25 20:17:44', '2024-07-27 22:50:06'),
(972, 38, 'Schedule-48', 43, 2601923, '2024-07-17 15:19:22', '2024-07-19 07:11:56'),
(973, 50, 'Schedule-544', 24, 1237403, '2024-07-05 03:28:29', '2024-07-06 12:42:31'),
(974, 39, 'Schedule-363', 27, 1625483, '2024-07-22 23:25:06', '2024-07-25 20:52:53'),
(975, 17, 'Schedule-859', 35, 793830, '2024-07-14 16:03:47', '2024-07-16 05:29:59'),
(976, 35, 'Schedule-287', 2, 1428597, '2024-07-16 19:46:45', '2024-07-18 18:28:41'),
(977, 18, 'Schedule-282', 20, 2183350, '2024-07-04 13:29:42', '2024-07-06 15:27:18'),
(978, 45, 'Schedule-879', 2, 1998919, '2024-07-13 11:10:42', '2024-07-13 13:46:17'),
(979, 33, 'Schedule-496', 43, 2411317, '2024-07-21 08:55:56', '2024-07-22 14:49:14'),
(980, 57, 'Schedule-471', 8, 1223373, '2024-07-11 20:33:27', '2024-07-13 22:13:44'),
(981, 44, 'Schedule-911', 25, 406398, '2024-07-04 14:07:55', '2024-07-05 19:35:23'),
(982, 9, 'Schedule-288', 37, 2501467, '2024-07-24 15:14:48', '2024-07-25 12:14:03'),
(983, 3, 'Schedule-249', 48, 1441660, '2024-07-01 10:52:49', '2024-07-02 12:34:15'),
(984, 36, 'Schedule-739', 12, 2912490, '2024-07-14 20:08:29', '2024-07-17 10:04:57'),
(985, 45, 'Schedule-373', 29, 2441353, '2024-07-14 13:51:58', '2024-07-17 11:39:23'),
(986, 37, 'Schedule-828', 10, 1929456, '2024-07-09 08:22:04', '2024-07-11 20:06:19'),
(987, 58, 'Schedule-124', 32, 2695805, '2024-07-18 11:36:01', '2024-07-19 00:30:17'),
(988, 5, 'Schedule-631', 11, 978856, '2024-07-21 12:29:27', '2024-07-23 03:38:27'),
(989, 26, 'Schedule-491', 22, 2576633, '2024-07-27 03:09:06', '2024-07-28 01:46:52'),
(990, 38, 'Schedule-238', 5, 2475765, '2024-07-15 16:49:59', '2024-07-17 19:49:29'),
(991, 61, 'Schedule-813', 9, 2239488, '2024-07-15 13:40:08', '2024-07-18 11:59:42'),
(992, 45, 'Schedule-836', 49, 1706967, '2024-07-10 10:06:05', '2024-07-13 05:32:03'),
(993, 12, 'Schedule-477', 33, 441406, '2024-07-06 13:38:04', '2024-07-08 08:47:00'),
(994, 13, 'Schedule-162', 24, 2671336, '2024-07-20 20:31:32', '2024-07-23 11:24:29'),
(995, 8, 'Schedule-114', 26, 734889, '2024-07-14 17:46:04', '2024-07-17 01:00:31'),
(996, 18, 'Schedule-759', 9, 1937433, '2024-07-27 12:53:30', '2024-07-29 10:01:00'),
(997, 52, 'Schedule-69', 30, 1421466, '2024-07-15 01:14:22', '2024-07-16 14:51:42'),
(998, 61, 'Schedule-479', 48, 2282338, '2024-07-05 08:52:30', '2024-07-06 18:17:27'),
(999, 23, 'Schedule-903', 7, 2053327, '2024-07-04 10:10:36', '2024-07-04 20:32:41'),
(1000, 38, 'Schedule-729', 27, 398522, '2024-06-29 19:21:42', '2024-06-30 17:10:55');

-- --------------------------------------------------------

--
-- Struktur dari tabel `ticket`
--

CREATE TABLE `ticket` (
  `idTicket` int(11) NOT NULL,
  `idSchedule` int(11) NOT NULL,
  `idUser` int(11) NOT NULL,
  `bookingDate` datetime NOT NULL
) ENGINE=InnoDB DEFAULT CHARSET=utf8mb4 COLLATE=utf8mb4_general_ci;

--
-- Dumping data untuk tabel `ticket`
--

INSERT INTO `ticket` (`idTicket`, `idSchedule`, `idUser`, `bookingDate`) VALUES
(1, 18, 4, '2024-06-28 00:08:35'),
(2, 236, 4, '2024-06-28 00:27:20'),
(3, 9, 81, '2024-07-08 00:00:00'),
(4, 64, 60, '2024-06-17 00:00:00'),
(5, 245, 135, '2024-06-17 00:00:00'),
(6, 632, 68, '2024-06-29 00:00:00'),
(7, 398, 132, '2024-06-27 00:00:00'),
(8, 436, 134, '2024-06-21 00:00:00'),
(9, 952, 125, '2024-07-17 00:00:00'),
(10, 554, 118, '2024-07-08 00:00:00'),
(11, 928, 5, '2024-06-20 00:00:00'),
(12, 542, 8, '2024-06-27 00:00:00'),
(13, 253, 71, '2024-06-28 00:00:00'),
(14, 415, 122, '2024-06-26 00:00:00'),
(15, 428, 44, '2024-06-24 00:00:00'),
(16, 140, 40, '2024-07-14 00:00:00'),
(17, 809, 101, '2024-07-02 00:00:00'),
(18, 846, 55, '2024-06-22 00:00:00'),
(19, 477, 117, '2024-07-14 00:00:00'),
(20, 965, 129, '2024-06-28 00:00:00'),
(21, 878, 20, '2024-07-19 00:00:00'),
(22, 49, 49, '2024-07-05 00:00:00'),
(23, 373, 125, '2024-06-30 00:00:00'),
(24, 856, 60, '2024-06-23 00:00:00'),
(25, 204, 76, '2024-06-29 00:00:00'),
(26, 754, 9, '2024-07-14 00:00:00'),
(27, 78, 88, '2024-06-23 00:00:00'),
(28, 102, 113, '2024-07-12 00:00:00'),
(29, 93, 102, '2024-06-26 00:00:00'),
(30, 272, 44, '2024-07-11 00:00:00'),
(31, 288, 30, '2024-06-25 00:00:00'),
(32, 169, 60, '2024-07-07 00:00:00'),
(33, 892, 41, '2024-07-10 00:00:00'),
(34, 163, 41, '2024-06-24 00:00:00'),
(35, 709, 52, '2024-07-20 00:00:00'),
(36, 102, 31, '2024-06-24 00:00:00'),
(37, 967, 49, '2024-07-12 00:00:00'),
(38, 255, 91, '2024-07-12 00:00:00'),
(39, 898, 124, '2024-07-10 00:00:00'),
(40, 264, 136, '2024-07-09 00:00:00'),
(41, 435, 114, '2024-07-12 00:00:00'),
(42, 132, 101, '2024-07-14 00:00:00'),
(43, 852, 54, '2024-06-29 00:00:00'),
(44, 570, 69, '2024-07-13 00:00:00'),
(45, 484, 118, '2024-06-25 00:00:00'),
(46, 284, 70, '2024-06-21 00:00:00'),
(47, 199, 132, '2024-07-20 00:00:00'),
(48, 877, 142, '2024-06-29 00:00:00'),
(49, 290, 41, '2024-07-11 00:00:00'),
(50, 204, 21, '2024-06-21 00:00:00'),
(51, 685, 44, '2024-07-10 00:00:00'),
(52, 143, 20, '2024-06-20 00:00:00'),
(53, 717, 53, '2024-07-10 00:00:00'),
(54, 488, 38, '2024-06-20 00:00:00'),
(55, 33, 48, '2024-07-19 00:00:00'),
(56, 154, 99, '2024-07-19 00:00:00'),
(57, 997, 45, '2024-07-09 00:00:00'),
(58, 583, 63, '2024-07-18 00:00:00'),
(59, 945, 9, '2024-07-06 00:00:00'),
(60, 474, 51, '2024-06-17 00:00:00'),
(61, 617, 26, '2024-06-29 00:00:00'),
(62, 403, 81, '2024-07-11 00:00:00'),
(63, 419, 82, '2024-06-18 00:00:00'),
(64, 435, 57, '2024-07-16 00:00:00'),
(65, 867, 81, '2024-07-17 00:00:00'),
(66, 969, 61, '2024-07-17 00:00:00'),
(67, 2, 90, '2024-07-15 00:00:00'),
(68, 128, 76, '2024-06-17 00:00:00'),
(70, 802, 97, '2024-07-17 00:00:00'),
(71, 772, 104, '2024-06-23 19:14:57'),
(72, 99, 37, '2024-07-03 12:12:27'),
(73, 635, 6, '2024-06-29 08:50:20'),
(74, 667, 142, '2024-06-22 22:56:55'),
(75, 786, 20, '2024-07-14 22:56:52'),
(76, 478, 42, '2024-06-29 17:04:34'),
(77, 788, 87, '2024-06-19 19:13:43'),
(78, 153, 104, '2024-06-29 00:22:48'),
(79, 967, 137, '2024-07-08 18:01:18'),
(80, 407, 100, '2024-07-03 15:33:56'),
(81, 869, 54, '2024-06-29 19:29:08'),
(82, 323, 55, '2024-06-26 12:07:11'),
(83, 520, 90, '2024-06-26 22:03:20'),
(84, 608, 34, '2024-07-19 02:42:08'),
(85, 641, 134, '2024-06-29 07:58:52'),
(86, 420, 83, '2024-07-13 19:52:11'),
(87, 933, 136, '2024-07-11 16:52:22'),
(88, 24, 28, '2024-06-21 10:43:54'),
(89, 108, 128, '2024-06-27 14:16:44'),
(90, 48, 19, '2024-07-04 12:23:47'),
(91, 919, 5, '2024-06-19 02:30:25'),
(92, 812, 73, '2024-07-19 08:06:28'),
(93, 1, 37, '2024-07-20 23:34:50'),
(94, 991, 116, '2024-06-18 21:19:24'),
(95, 73, 33, '2024-07-14 12:19:15'),
(96, 859, 74, '2024-06-20 14:48:03'),
(97, 192, 20, '2024-06-30 05:42:22'),
(98, 828, 101, '2024-07-18 08:37:48'),
(99, 817, 12, '2024-06-27 01:56:55'),
(100, 831, 87, '2024-07-17 04:47:43'),
(101, 956, 10, '2024-07-04 02:00:55'),
(102, 279, 107, '2024-07-13 11:06:04'),
(103, 176, 15, '2024-06-28 20:20:50'),
(104, 108, 142, '2024-07-04 03:52:24'),
(105, 494, 91, '2024-07-14 07:34:38'),
(106, 868, 101, '2024-06-30 07:29:44'),
(107, 180, 47, '2024-07-11 08:55:34'),
(108, 864, 86, '2024-07-10 12:12:40'),
(109, 315, 140, '2024-07-08 11:50:59'),
(110, 120, 43, '2024-07-16 10:04:02'),
(111, 468, 58, '2024-07-17 23:00:41'),
(112, 815, 109, '2024-07-15 08:29:32'),
(113, 478, 42, '2024-07-16 08:39:43'),
(114, 731, 146, '2024-06-21 04:32:58'),
(115, 744, 106, '2024-07-09 16:19:03'),
(116, 670, 6, '2024-07-19 00:55:00'),
(117, 691, 140, '2024-06-17 03:21:40'),
(118, 27, 19, '2024-06-23 08:22:57'),
(119, 247, 7, '2024-06-19 06:01:51'),
(120, 740, 110, '2024-07-03 06:17:18'),
(121, 591, 83, '2024-06-19 23:10:35'),
(122, 694, 53, '2024-06-27 17:26:00'),
(123, 954, 50, '2024-07-14 17:24:15'),
(124, 586, 67, '2024-07-19 15:38:33'),
(125, 933, 78, '2024-06-25 21:23:11'),
(126, 942, 71, '2024-06-25 13:11:50'),
(127, 241, 57, '2024-07-19 22:09:25'),
(128, 759, 127, '2024-07-15 12:01:53'),
(129, 752, 48, '2024-06-27 16:43:58'),
(130, 159, 22, '2024-07-18 04:07:00'),
(131, 662, 28, '2024-07-03 18:44:16'),
(132, 423, 75, '2024-07-09 06:01:04'),
(133, 132, 46, '2024-07-07 01:13:14'),
(134, 87, 80, '2024-06-28 07:28:26'),
(135, 11, 7, '2024-06-27 01:35:25'),
(136, 785, 16, '2024-07-17 04:23:24'),
(137, 520, 55, '2024-06-20 03:57:55'),
(138, 90, 8, '2024-06-17 12:30:53'),
(139, 305, 77, '2024-07-09 13:37:18'),
(140, 827, 32, '2024-07-17 15:54:19'),
(141, 968, 80, '2024-07-07 17:12:14'),
(142, 539, 47, '2024-07-09 00:04:39'),
(143, 904, 124, '2024-06-19 02:14:55'),
(144, 262, 49, '2024-06-20 06:54:40'),
(145, 474, 63, '2024-07-12 22:53:37'),
(146, 990, 63, '2024-07-15 00:01:11'),
(147, 566, 93, '2024-07-17 19:57:29'),
(148, 863, 8, '2024-07-04 02:25:17'),
(150, 841, 105, '2024-06-17 15:30:38'),
(151, 787, 78, '2024-07-11 07:30:45'),
(152, 461, 88, '2024-07-12 16:08:50'),
(153, 335, 21, '2024-06-17 10:04:56'),
(154, 189, 75, '2024-06-28 22:48:49'),
(155, 526, 92, '2024-06-28 04:11:01'),
(156, 452, 12, '2024-06-30 00:06:16'),
(157, 138, 106, '2024-07-04 03:13:41'),
(158, 979, 50, '2024-07-19 09:36:15'),
(159, 705, 79, '2024-06-27 18:14:09'),
(160, 430, 33, '2024-07-01 13:39:40'),
(161, 531, 13, '2024-07-09 23:50:34'),
(162, 510, 14, '2024-06-26 01:20:39'),
(163, 85, 72, '2024-07-17 04:50:49'),
(164, 678, 55, '2024-06-30 00:48:50'),
(165, 849, 72, '2024-07-08 08:52:56'),
(166, 33, 47, '2024-07-08 03:06:13'),
(167, 423, 19, '2024-06-21 14:41:53'),
(168, 409, 43, '2024-07-04 13:50:05'),
(169, 415, 94, '2024-06-26 13:05:08'),
(170, 668, 102, '2024-07-12 18:31:52'),
(171, 238, 85, '2024-07-07 06:23:51'),
(172, 663, 26, '2024-06-22 18:06:41'),
(173, 280, 87, '2024-06-18 23:33:36'),
(174, 400, 22, '2024-07-08 17:31:41'),
(175, 967, 57, '2024-07-06 06:26:51'),
(176, 798, 81, '2024-07-12 19:51:28'),
(177, 193, 53, '2024-06-20 17:38:37'),
(178, 571, 52, '2024-06-17 06:33:46'),
(179, 459, 4, '2024-07-10 04:11:59'),
(180, 31, 83, '2024-07-15 23:08:22'),
(181, 748, 60, '2024-06-25 10:08:55'),
(182, 207, 76, '2024-06-23 22:37:00'),
(183, 456, 66, '2024-07-18 10:55:47'),
(184, 192, 46, '2024-06-29 19:13:29'),
(185, 165, 72, '2024-07-14 14:55:37'),
(186, 502, 72, '2024-07-19 17:05:41'),
(187, 975, 91, '2024-07-01 13:39:24'),
(188, 284, 15, '2024-07-14 11:03:21'),
(189, 930, 59, '2024-07-19 04:41:13'),
(190, 562, 28, '2024-06-17 07:11:49'),
(191, 34, 56, '2024-06-24 00:53:15'),
(192, 106, 74, '2024-07-08 15:17:55'),
(193, 83, 91, '2024-06-19 18:30:46'),
(194, 874, 8, '2024-07-05 03:33:41'),
(195, 160, 27, '2024-06-17 18:02:31'),
(196, 513, 8, '2024-06-21 23:24:24'),
(197, 122, 64, '2024-07-02 05:02:11'),
(198, 594, 25, '2024-06-26 09:12:34'),
(199, 341, 111, '2024-06-21 08:08:47'),
(200, 908, 99, '2024-07-19 05:39:36'),
(201, 496, 65, '2024-06-23 04:49:06'),
(202, 492, 109, '2024-07-07 02:21:06'),
(203, 685, 29, '2024-07-01 21:09:16'),
(204, 274, 96, '2024-07-13 10:43:30'),
(205, 996, 93, '2024-07-13 11:07:34'),
(206, 141, 39, '2024-06-19 14:13:11'),
(207, 235, 39, '2024-07-09 15:10:43'),
(208, 253, 23, '2024-07-20 18:56:01'),
(209, 570, 68, '2024-07-09 14:37:26'),
(210, 222, 53, '2024-07-18 20:09:25'),
(211, 338, 1, '2024-06-22 07:52:44'),
(212, 963, 99, '2024-07-10 16:09:30'),
(213, 128, 29, '2024-07-06 12:10:30'),
(214, 150, 43, '2024-06-23 12:07:47'),
(215, 981, 95, '2024-06-19 15:29:35'),
(217, 914, 40, '2024-07-05 15:59:40'),
(218, 787, 78, '2024-07-11 07:30:45'),
(219, 461, 88, '2024-07-12 16:08:50'),
(220, 335, 21, '2024-06-17 10:04:56'),
(221, 189, 75, '2024-06-28 22:48:49'),
(222, 526, 92, '2024-06-28 04:11:01'),
(223, 452, 12, '2024-06-30 00:06:16'),
(224, 138, 106, '2024-07-04 03:13:41'),
(225, 979, 50, '2024-07-19 09:36:15'),
(226, 705, 79, '2024-06-27 18:14:09'),
(227, 430, 33, '2024-07-01 13:39:40'),
(228, 531, 13, '2024-07-09 23:50:34'),
(229, 510, 14, '2024-06-26 01:20:39'),
(230, 85, 72, '2024-07-17 04:50:49'),
(231, 678, 55, '2024-06-30 00:48:50'),
(232, 849, 72, '2024-07-08 08:52:56'),
(233, 33, 47, '2024-07-08 03:06:13'),
(234, 423, 19, '2024-06-21 14:41:53'),
(235, 409, 43, '2024-07-04 13:50:05'),
(236, 415, 94, '2024-06-26 13:05:08'),
(237, 668, 102, '2024-07-12 18:31:52'),
(238, 238, 85, '2024-07-07 06:23:51'),
(239, 663, 26, '2024-06-22 18:06:41'),
(240, 280, 87, '2024-06-18 23:33:36'),
(241, 400, 22, '2024-07-08 17:31:41'),
(242, 967, 57, '2024-07-06 06:26:51'),
(243, 798, 81, '2024-07-12 19:51:28'),
(244, 193, 53, '2024-06-20 17:38:37'),
(245, 571, 52, '2024-06-17 06:33:46'),
(246, 459, 4, '2024-07-10 04:11:59'),
(247, 31, 83, '2024-07-15 23:08:22'),
(248, 748, 60, '2024-06-25 10:08:55'),
(249, 207, 76, '2024-06-23 22:37:00'),
(250, 456, 66, '2024-07-18 10:55:47'),
(251, 192, 46, '2024-06-29 19:13:29'),
(252, 165, 72, '2024-07-14 14:55:37'),
(253, 502, 72, '2024-07-19 17:05:41'),
(254, 975, 91, '2024-07-01 13:39:24'),
(255, 284, 15, '2024-07-14 11:03:21'),
(256, 930, 59, '2024-07-19 04:41:13'),
(257, 562, 28, '2024-06-17 07:11:49'),
(258, 34, 56, '2024-06-24 00:53:15'),
(259, 106, 74, '2024-07-08 15:17:55'),
(260, 83, 91, '2024-06-19 18:30:46'),
(261, 874, 8, '2024-07-05 03:33:41'),
(262, 160, 27, '2024-06-17 18:02:31'),
(263, 513, 8, '2024-06-21 23:24:24'),
(264, 122, 64, '2024-07-02 05:02:11'),
(265, 594, 25, '2024-06-26 09:12:34'),
(266, 341, 111, '2024-06-21 08:08:47'),
(267, 908, 99, '2024-07-19 05:39:36'),
(268, 496, 65, '2024-06-23 04:49:06'),
(269, 492, 109, '2024-07-07 02:21:06'),
(270, 685, 29, '2024-07-01 21:09:16'),
(271, 274, 96, '2024-07-13 10:43:30'),
(272, 996, 93, '2024-07-13 11:07:34'),
(273, 141, 39, '2024-06-19 14:13:11'),
(274, 235, 39, '2024-07-09 15:10:43'),
(275, 253, 23, '2024-07-20 18:56:01'),
(276, 570, 68, '2024-07-09 14:37:26'),
(277, 222, 53, '2024-07-18 20:09:25'),
(278, 338, 1, '2024-06-22 07:52:44'),
(279, 963, 99, '2024-07-10 16:09:30'),
(280, 128, 29, '2024-07-06 12:10:30'),
(281, 150, 43, '2024-06-23 12:07:47'),
(282, 981, 95, '2024-06-19 15:29:35'),
(283, 558, 3, '2024-07-05 00:18:41'),
(284, 914, 40, '2024-07-05 15:59:40'),
(285, 124, 22, '2024-06-22 03:49:47'),
(286, 288, 15, '2024-07-07 17:33:56'),
(287, 253, 6, '2024-06-25 09:45:22'),
(288, 747, 36, '2024-07-15 13:59:31'),
(289, 499, 12, '2024-07-03 23:59:16'),
(290, 932, 58, '2024-06-22 13:43:23'),
(291, 10, 81, '2024-07-10 01:10:35'),
(292, 240, 37, '2024-06-29 07:05:52'),
(293, 785, 101, '2024-06-22 18:35:56'),
(294, 905, 58, '2024-07-08 11:13:49'),
(295, 841, 99, '2024-06-20 12:31:32'),
(296, 121, 117, '2024-07-11 02:17:53'),
(297, 79, 110, '2024-06-29 11:58:04'),
(298, 129, 96, '2024-07-14 01:16:04'),
(299, 83, 30, '2024-06-21 06:32:31'),
(300, 467, 25, '2024-07-09 13:18:52'),
(301, 550, 94, '2024-06-28 05:18:05'),
(302, 723, 29, '2024-06-22 12:02:20'),
(303, 182, 28, '2024-06-24 04:13:26'),
(304, 923, 30, '2024-06-30 04:31:45'),
(305, 30, 35, '2024-06-20 10:11:00'),
(306, 809, 85, '2024-07-08 10:16:54'),
(307, 858, 56, '2024-06-27 03:26:42'),
(308, 902, 81, '2024-06-27 02:35:06'),
(309, 79, 109, '2024-06-26 12:58:31'),
(310, 527, 9, '2024-07-10 04:46:23'),
(311, 282, 6, '2024-07-18 22:08:24'),
(312, 634, 112, '2024-06-29 11:56:12'),
(313, 497, 18, '2024-07-18 20:03:47'),
(314, 940, 89, '2024-06-29 06:18:37'),
(315, 545, 90, '2024-06-19 12:30:48'),
(316, 982, 97, '2024-07-14 09:22:32'),
(317, 64, 24, '2024-06-17 08:45:27'),
(318, 19, 4, '2024-06-28 05:42:18');

-- --------------------------------------------------------

--
-- Struktur dari tabel `transaction`
--

CREATE TABLE `transaction` (
  `idTransaction` int(11) NOT NULL,
  `idTicket` int(11) NOT NULL,
  `paymentDate` datetime NOT NULL,
  `paymentMethod` varchar(255) NOT NULL
) ENGINE=InnoDB DEFAULT CHARSET=utf8mb4 COLLATE=utf8mb4_general_ci;

--
-- Dumping data untuk tabel `transaction`
--

INSERT INTO `transaction` (`idTransaction`, `idTicket`, `paymentDate`, `paymentMethod`) VALUES
(1, 133, '2024-01-27 13:09:07', 'PayPal'),
(2, 262, '2024-03-24 07:07:10', 'Debit Card'),
(3, 55, '2024-05-01 10:33:14', 'Credit Card'),
(4, 92, '2024-01-26 12:53:12', 'Bank Transfer'),
(5, 213, '2024-04-26 04:50:41', 'Debit Card'),
(6, 48, '2024-03-26 07:22:22', 'Bank Transfer'),
(7, 236, '2024-06-28 04:25:24', 'Bank Transfer'),
(8, 237, '2024-06-08 07:08:34', 'Bank Transfer'),
(9, 286, '2024-04-27 05:06:46', 'Debit Card'),
(10, 114, '2024-06-02 01:23:26', 'Debit Card'),
(11, 176, '2024-01-21 04:57:13', 'Credit Card'),
(12, 168, '2024-03-31 03:24:42', 'Bank Transfer'),
(13, 110, '2024-03-19 17:31:25', 'Credit Card'),
(14, 224, '2024-04-22 22:42:54', 'Bank Transfer'),
(15, 197, '2024-06-04 13:44:55', 'PayPal'),
(16, 28, '2024-05-31 14:49:14', 'Credit Card'),
(17, 253, '2024-05-16 14:09:23', 'PayPal'),
(18, 36, '2024-05-09 19:24:59', 'PayPal'),
(19, 46, '2024-05-18 18:38:47', 'PayPal'),
(20, 3, '2024-06-18 10:36:20', 'Debit Card'),
(21, 138, '2024-02-08 07:00:35', 'PayPal'),
(22, 317, '2024-02-29 00:12:52', 'Bank Transfer'),
(23, 249, '2024-05-29 06:17:33', 'PayPal'),
(24, 112, '2024-01-07 02:03:45', 'Credit Card'),
(25, 127, '2024-01-12 13:39:26', 'Bank Transfer'),
(26, 23, '2024-04-30 12:42:29', 'Credit Card'),
(27, 316, '2024-05-07 20:31:59', 'Credit Card'),
(28, 121, '2024-05-20 20:55:44', 'Bank Transfer'),
(29, 306, '2024-01-14 07:01:04', 'Debit Card'),
(30, 305, '2024-02-07 06:01:43', 'Credit Card'),
(31, 254, '2024-03-16 17:34:10', 'Credit Card'),
(32, 280, '2024-03-10 08:19:58', 'Bank Transfer'),
(33, 31, '2024-01-25 01:17:55', 'PayPal'),
(34, 253, '2024-01-23 23:13:55', 'PayPal'),
(35, 252, '2024-06-03 19:25:33', 'Bank Transfer'),
(36, 82, '2024-05-02 10:46:17', 'Bank Transfer'),
(37, 49, '2024-05-06 10:56:24', 'PayPal'),
(38, 259, '2024-01-27 11:17:20', 'Bank Transfer'),
(39, 303, '2024-06-13 10:29:48', 'PayPal'),
(40, 37, '2024-01-06 08:57:17', 'Bank Transfer'),
(41, 33, '2024-06-27 06:00:59', 'PayPal'),
(42, 53, '2024-03-28 22:02:13', 'Bank Transfer'),
(43, 108, '2024-04-23 18:57:36', 'PayPal'),
(44, 277, '2024-05-09 15:41:00', 'Credit Card'),
(45, 46, '2024-01-07 05:29:23', 'Credit Card'),
(46, 28, '2024-04-21 16:59:40', 'PayPal'),
(47, 191, '2024-06-21 09:49:27', 'Credit Card'),
(48, 195, '2024-03-11 09:39:07', 'Bank Transfer'),
(49, 148, '2024-04-30 06:02:16', 'Bank Transfer'),
(50, 273, '2024-03-18 14:00:11', 'Credit Card'),
(51, 63, '2024-03-25 18:26:58', 'Credit Card'),
(52, 14, '2024-03-27 21:59:06', 'PayPal'),
(53, 100, '2024-06-20 09:00:03', 'PayPal'),
(54, 312, '2024-01-17 12:17:58', 'PayPal'),
(55, 194, '2024-06-22 20:27:47', 'Credit Card'),
(56, 304, '2024-03-25 12:01:32', 'Bank Transfer'),
(57, 66, '2024-05-29 23:06:37', 'Credit Card'),
(58, 156, '2024-04-08 13:19:06', 'Bank Transfer'),
(59, 16, '2024-05-22 18:31:40', 'PayPal'),
(60, 157, '2024-04-08 08:15:34', 'Debit Card'),
(61, 94, '2024-05-12 18:20:30', 'Credit Card'),
(62, 125, '2024-05-03 06:13:19', 'PayPal'),
(63, 51, '2024-04-28 15:50:10', 'Debit Card'),
(64, 272, '2024-04-08 06:18:14', 'Bank Transfer'),
(65, 99, '2024-02-13 05:04:06', 'Credit Card'),
(66, 192, '2024-05-05 17:50:12', 'Debit Card'),
(67, 188, '2024-02-02 00:32:56', 'PayPal'),
(68, 33, '2024-03-16 21:38:38', 'Debit Card'),
(69, 291, '2024-05-13 15:04:16', 'Credit Card'),
(70, 273, '2024-04-03 13:40:07', 'Credit Card'),
(71, 227, '2024-06-09 13:39:20', 'Credit Card'),
(72, 239, '2024-01-19 01:39:55', 'Bank Transfer'),
(73, 262, '2024-02-06 08:21:40', 'Credit Card'),
(74, 8, '2024-04-10 01:06:41', 'Debit Card'),
(75, 114, '2024-05-25 11:29:57', 'Bank Transfer'),
(76, 291, '2024-01-13 07:22:03', 'Debit Card'),
(77, 101, '2024-03-13 20:19:02', 'PayPal'),
(78, 13, '2024-06-04 11:41:32', 'Bank Transfer'),
(79, 120, '2024-02-10 20:17:43', 'Debit Card'),
(80, 249, '2024-02-15 16:34:37', 'PayPal'),
(81, 233, '2024-03-17 12:15:39', 'Bank Transfer'),
(82, 55, '2024-02-15 22:57:34', 'Credit Card'),
(83, 219, '2024-01-13 15:24:31', 'Debit Card'),
(84, 268, '2024-04-28 04:25:19', 'Debit Card'),
(85, 43, '2024-04-11 14:51:20', 'PayPal'),
(86, 291, '2024-04-10 23:16:02', 'Debit Card'),
(87, 249, '2024-02-18 19:39:46', 'Bank Transfer'),
(88, 114, '2024-03-28 19:01:17', 'Debit Card'),
(89, 68, '2024-02-13 17:42:32', 'Credit Card'),
(90, 307, '2024-01-18 08:19:17', 'Debit Card'),
(91, 23, '2024-01-13 01:01:43', 'Bank Transfer'),
(92, 47, '2024-06-22 13:42:28', 'Bank Transfer'),
(93, 173, '2024-03-27 23:17:51', 'Credit Card'),
(94, 295, '2024-06-25 13:19:09', 'Credit Card'),
(95, 50, '2024-02-14 21:56:00', 'Debit Card'),
(96, 119, '2024-06-08 04:32:18', 'Bank Transfer'),
(97, 304, '2024-02-18 09:30:25', 'Debit Card'),
(98, 72, '2024-03-11 17:16:45', 'Debit Card'),
(99, 140, '2024-05-12 17:06:37', 'PayPal'),
(100, 24, '2024-01-26 21:19:41', 'Bank Transfer'),
(101, 296, '2024-01-16 22:08:48', 'PayPal'),
(102, 199, '2024-03-19 02:34:34', 'Bank Transfer'),
(103, 47, '2024-05-24 03:48:20', 'Debit Card'),
(104, 236, '2024-01-26 20:04:15', 'PayPal'),
(105, 61, '2024-04-02 22:13:42', 'Credit Card'),
(106, 39, '2024-05-10 22:46:19', 'Credit Card'),
(107, 101, '2024-05-18 06:47:59', 'Credit Card'),
(108, 133, '2024-01-19 23:27:42', 'Debit Card'),
(109, 276, '2024-02-17 03:10:34', 'Debit Card'),
(110, 178, '2024-05-20 14:29:08', 'Bank Transfer'),
(111, 42, '2024-02-26 04:16:37', 'PayPal'),
(112, 194, '2024-06-26 02:17:48', 'Debit Card'),
(113, 2, '2024-04-11 20:11:51', 'Bank Transfer'),
(114, 262, '2024-03-20 02:19:04', 'PayPal'),
(115, 128, '2024-03-22 12:26:11', 'PayPal'),
(116, 184, '2024-03-02 19:43:51', 'PayPal'),
(117, 88, '2024-05-30 03:34:33', 'Debit Card'),
(118, 57, '2024-04-18 09:12:37', 'Credit Card'),
(120, 226, '2024-02-03 11:00:53', 'Credit Card'),
(121, 133, '2024-01-27 13:09:07', 'PayPal'),
(122, 262, '2024-03-24 07:07:10', 'Debit Card'),
(123, 55, '2024-05-01 10:33:14', 'Credit Card'),
(124, 92, '2024-01-26 12:53:12', 'Bank Transfer'),
(125, 213, '2024-04-26 04:50:41', 'Debit Card'),
(126, 48, '2024-03-26 07:22:22', 'Bank Transfer'),
(127, 236, '2024-06-28 04:25:24', 'Bank Transfer'),
(128, 237, '2024-06-08 07:08:34', 'Bank Transfer'),
(129, 286, '2024-04-27 05:06:46', 'Debit Card'),
(130, 114, '2024-06-02 01:23:26', 'Debit Card'),
(131, 176, '2024-01-21 04:57:13', 'Credit Card'),
(132, 168, '2024-03-31 03:24:42', 'Bank Transfer'),
(133, 110, '2024-03-19 17:31:25', 'Credit Card'),
(134, 224, '2024-04-22 22:42:54', 'Bank Transfer'),
(135, 197, '2024-06-04 13:44:55', 'PayPal'),
(136, 28, '2024-05-31 14:49:14', 'Credit Card'),
(137, 253, '2024-05-16 14:09:23', 'PayPal'),
(138, 36, '2024-05-09 19:24:59', 'PayPal'),
(139, 46, '2024-05-18 18:38:47', 'PayPal'),
(140, 3, '2024-06-18 10:36:20', 'Debit Card'),
(141, 138, '2024-02-08 07:00:35', 'PayPal'),
(142, 317, '2024-02-29 00:12:52', 'Bank Transfer'),
(143, 249, '2024-05-29 06:17:33', 'PayPal'),
(144, 112, '2024-01-07 02:03:45', 'Credit Card'),
(145, 127, '2024-01-12 13:39:26', 'Bank Transfer'),
(146, 23, '2024-04-30 12:42:29', 'Credit Card'),
(147, 316, '2024-05-07 20:31:59', 'Credit Card'),
(148, 121, '2024-05-20 20:55:44', 'Bank Transfer'),
(149, 306, '2024-01-14 07:01:04', 'Debit Card'),
(150, 305, '2024-02-07 06:01:43', 'Credit Card'),
(151, 254, '2024-03-16 17:34:10', 'Credit Card'),
(152, 280, '2024-03-10 08:19:58', 'Bank Transfer'),
(153, 31, '2024-01-25 01:17:55', 'PayPal'),
(154, 253, '2024-01-23 23:13:55', 'PayPal'),
(155, 252, '2024-06-03 19:25:33', 'Bank Transfer'),
(156, 82, '2024-05-02 10:46:17', 'Bank Transfer'),
(157, 49, '2024-05-06 10:56:24', 'PayPal'),
(158, 259, '2024-01-27 11:17:20', 'Bank Transfer'),
(159, 303, '2024-06-13 10:29:48', 'PayPal'),
(160, 37, '2024-01-06 08:57:17', 'Bank Transfer'),
(161, 33, '2024-06-27 06:00:59', 'PayPal'),
(162, 53, '2024-03-28 22:02:13', 'Bank Transfer'),
(163, 108, '2024-04-23 18:57:36', 'PayPal'),
(164, 277, '2024-05-09 15:41:00', 'Credit Card'),
(165, 46, '2024-01-07 05:29:23', 'Credit Card'),
(166, 28, '2024-04-21 16:59:40', 'PayPal'),
(167, 191, '2024-06-21 09:49:27', 'Credit Card'),
(168, 195, '2024-03-11 09:39:07', 'Bank Transfer'),
(169, 148, '2024-04-30 06:02:16', 'Bank Transfer'),
(170, 273, '2024-03-18 14:00:11', 'Credit Card'),
(171, 63, '2024-03-25 18:26:58', 'Credit Card'),
(172, 14, '2024-03-27 21:59:06', 'PayPal'),
(173, 100, '2024-06-20 09:00:03', 'PayPal'),
(174, 312, '2024-01-17 12:17:58', 'PayPal'),
(175, 194, '2024-06-22 20:27:47', 'Credit Card'),
(176, 304, '2024-03-25 12:01:32', 'Bank Transfer'),
(177, 66, '2024-05-29 23:06:37', 'Credit Card'),
(178, 156, '2024-04-08 13:19:06', 'Bank Transfer'),
(179, 16, '2024-05-22 18:31:40', 'PayPal'),
(180, 157, '2024-04-08 08:15:34', 'Debit Card'),
(181, 94, '2024-05-12 18:20:30', 'Credit Card'),
(182, 125, '2024-05-03 06:13:19', 'PayPal'),
(183, 51, '2024-04-28 15:50:10', 'Debit Card'),
(184, 272, '2024-04-08 06:18:14', 'Bank Transfer'),
(185, 99, '2024-02-13 05:04:06', 'Credit Card'),
(186, 192, '2024-05-05 17:50:12', 'Debit Card'),
(187, 188, '2024-02-02 00:32:56', 'PayPal'),
(188, 33, '2024-03-16 21:38:38', 'Debit Card'),
(189, 291, '2024-05-13 15:04:16', 'Credit Card'),
(190, 273, '2024-04-03 13:40:07', 'Credit Card'),
(191, 227, '2024-06-09 13:39:20', 'Credit Card'),
(192, 239, '2024-01-19 01:39:55', 'Bank Transfer'),
(193, 262, '2024-02-06 08:21:40', 'Credit Card'),
(194, 8, '2024-04-10 01:06:41', 'Debit Card'),
(195, 114, '2024-05-25 11:29:57', 'Bank Transfer'),
(196, 291, '2024-01-13 07:22:03', 'Debit Card'),
(197, 101, '2024-03-13 20:19:02', 'PayPal'),
(198, 13, '2024-06-04 11:41:32', 'Bank Transfer'),
(199, 120, '2024-02-10 20:17:43', 'Debit Card'),
(200, 249, '2024-02-15 16:34:37', 'PayPal'),
(201, 233, '2024-03-17 12:15:39', 'Bank Transfer'),
(202, 55, '2024-02-15 22:57:34', 'Credit Card'),
(203, 219, '2024-01-13 15:24:31', 'Debit Card'),
(204, 268, '2024-04-28 04:25:19', 'Debit Card'),
(205, 43, '2024-04-11 14:51:20', 'PayPal'),
(206, 291, '2024-04-10 23:16:02', 'Debit Card'),
(207, 249, '2024-02-18 19:39:46', 'Bank Transfer'),
(208, 114, '2024-03-28 19:01:17', 'Debit Card'),
(209, 68, '2024-02-13 17:42:32', 'Credit Card'),
(210, 307, '2024-01-18 08:19:17', 'Debit Card'),
(211, 23, '2024-01-13 01:01:43', 'Bank Transfer'),
(212, 47, '2024-06-22 13:42:28', 'Bank Transfer'),
(213, 173, '2024-03-27 23:17:51', 'Credit Card'),
(214, 295, '2024-06-25 13:19:09', 'Credit Card'),
(215, 50, '2024-02-14 21:56:00', 'Debit Card'),
(216, 119, '2024-06-08 04:32:18', 'Bank Transfer'),
(217, 304, '2024-02-18 09:30:25', 'Debit Card'),
(218, 72, '2024-03-11 17:16:45', 'Debit Card'),
(219, 140, '2024-05-12 17:06:37', 'PayPal'),
(220, 24, '2024-01-26 21:19:41', 'Bank Transfer'),
(221, 296, '2024-01-16 22:08:48', 'PayPal'),
(222, 199, '2024-03-19 02:34:34', 'Bank Transfer'),
(223, 47, '2024-05-24 03:48:20', 'Debit Card'),
(224, 236, '2024-01-26 20:04:15', 'PayPal'),
(225, 61, '2024-04-02 22:13:42', 'Credit Card'),
(226, 39, '2024-05-10 22:46:19', 'Credit Card'),
(227, 101, '2024-05-18 06:47:59', 'Credit Card'),
(228, 133, '2024-01-19 23:27:42', 'Debit Card'),
(229, 276, '2024-02-17 03:10:34', 'Debit Card'),
(230, 178, '2024-05-20 14:29:08', 'Bank Transfer'),
(231, 42, '2024-02-26 04:16:37', 'PayPal'),
(232, 194, '2024-06-26 02:17:48', 'Debit Card'),
(233, 2, '2024-04-11 20:11:51', 'Bank Transfer'),
(234, 262, '2024-03-20 02:19:04', 'PayPal'),
(235, 128, '2024-03-22 12:26:11', 'PayPal'),
(236, 184, '2024-03-02 19:43:51', 'PayPal'),
(237, 88, '2024-05-30 03:34:33', 'Debit Card'),
(238, 57, '2024-04-18 09:12:37', 'Credit Card'),
(239, 149, '2024-04-04 21:55:06', 'Debit Card'),
(240, 226, '2024-02-03 11:00:53', 'Credit Card'),
(241, 281, '2024-01-14 21:38:58', 'PayPal'),
(242, 49, '2024-05-04 14:14:25', 'Debit Card'),
(243, 97, '2024-02-17 21:27:58', 'PayPal'),
(244, 78, '2024-02-24 17:22:40', 'Debit Card'),
(245, 310, '2024-05-15 04:16:29', 'Debit Card'),
(246, 141, '2024-04-27 18:28:41', 'Credit Card'),
(247, 149, '2024-04-28 02:41:40', 'Debit Card'),
(248, 95, '2024-05-15 12:49:13', 'Bank Transfer'),
(249, 281, '2024-03-28 02:06:31', 'PayPal'),
(250, 152, '2024-03-22 04:47:52', 'Bank Transfer'),
(251, 275, '2024-05-02 10:35:02', 'Credit Card'),
(252, 209, '2024-01-26 15:43:13', 'PayPal'),
(253, 290, '2024-06-25 06:19:47', 'PayPal'),
(254, 5, '2024-06-17 07:14:01', 'PayPal'),
(255, 228, '2024-02-26 00:54:01', 'Debit Card'),
(256, 247, '2024-04-11 14:28:08', 'Bank Transfer'),
(257, 305, '2024-01-29 20:51:56', 'Debit Card'),
(258, 103, '2024-05-01 02:30:48', 'Credit Card'),
(259, 254, '2024-03-03 08:07:40', 'Bank Transfer'),
(260, 134, '2024-04-02 06:31:04', 'Credit Card'),
(261, 165, '2024-04-18 06:14:23', 'Bank Transfer'),
(262, 116, '2024-03-29 04:37:44', 'PayPal');

-- --------------------------------------------------------

--
-- Struktur dari tabel `transport`
--

CREATE TABLE `transport` (
  `idTransport` int(11) NOT NULL,
  `idTransportType` int(11) NOT NULL,
  `transportName` varchar(255) NOT NULL
) ENGINE=InnoDB DEFAULT CHARSET=utf8mb4 COLLATE=utf8mb4_general_ci;

--
-- Dumping data untuk tabel `transport`
--

INSERT INTO `transport` (`idTransport`, `idTransportType`, `transportName`) VALUES
(1, 1, 'Garuda Indonesia'),
(2, 1, 'Citilink'),
(3, 1, 'Lion Air'),
(4, 1, 'Batik Air'),
(5, 2, 'Argo Cheribon'),
(6, 2, 'Argo Sindoro	'),
(7, 2, 'Argo Bromo Anggrek'),
(8, 3, 'Rosalia Indah'),
(9, 3, 'Haryanto'),
(10, 3, 'Harapan Jaya'),
(11, 3, 'SAN'),
(13, 3, 'Sugeng Rahayu');

-- --------------------------------------------------------

--
-- Struktur dari tabel `transporttype`
--

CREATE TABLE `transporttype` (
  `idTransportType` int(11) NOT NULL,
  `transportType` varchar(255) NOT NULL
) ENGINE=InnoDB DEFAULT CHARSET=utf8mb4 COLLATE=utf8mb4_general_ci;

--
-- Dumping data untuk tabel `transporttype`
--

INSERT INTO `transporttype` (`idTransportType`, `transportType`) VALUES
(1, 'Pesawat'),
(2, 'Kereta'),
(3, 'Bus');

-- --------------------------------------------------------

--
-- Struktur dari tabel `users`
--

CREATE TABLE `users` (
  `idUser` int(11) NOT NULL,
  `email` varchar(255) NOT NULL,
  `username` varchar(255) NOT NULL,
  `password` varchar(255) NOT NULL
) ENGINE=InnoDB DEFAULT CHARSET=utf8mb4 COLLATE=utf8mb4_general_ci;

--
-- Dumping data untuk tabel `users`
--

INSERT INTO `users` (`idUser`, `email`, `username`, `password`) VALUES
(1, 'none', 'admin', '$2a$12$AKWZz8JUtRAcBQ.JpPLbI.cMqBHb7lxXTMC/w.YzTYetd7Lxmb2pu'),
(4, 'ahmad@gmail.com', 'ahmadluthfiabdillah', '$2y$10$sLab2b4nSjmYXSw8pCK6cehXJpKlCURqx9cI3SV5cKdtKlrSsG8xi'),
(5, 'joseph04@example.net', 'fischeramanda', '$2b$12$Y.lrBqHRMPSFBqnND9pF3O8D9VnSyx8QeizK8f31bHp551evN7qwC'),
(6, 'gbarrett@example.net', 'kelleyeddie', '$2b$12$rwtTAW864kkge6Ah0jLrsurtM.EVrpB9VWvcF9Gh1D4M5/BYFUGQi'),
(7, 'lsmith@example.org', 'trevor80', '$2b$12$boCnK3fOy8.rEb6.Iet8v.9c7rV1S36SwGVbv.wOcM0jMtgy0QS.u'),
(8, 'tammy20@example.net', 'xrussell', '$2b$12$f4YCSRDAGouYz3Lqiazmq.mXSs60ZMWdmo1V13Lz5EVSTKdBXZr9O'),
(9, 'tjones@example.org', 'paulelliott', '$2b$12$nRUghzaNU9JG8yukOWGxRukZkiH1qamVk1O0/C5ScZC5z6Fde8NlK'),
(10, 'englishanthony@example.net', 'matthewjimenez', '$2b$12$H/d0jRubEkrkPBczjXSSZ.BQ4APaa6coKEzLY22N2lII9ccfMTFSa'),
(11, 'gibsonshannon@example.org', 'petersonwilliam', '$2b$12$60noBPO3jwToKESquL/YseSvrxcJ3AiQE.10239/8eEQtznFBHwuK'),
(12, 'reginald95@example.org', 'michaellane', '$2b$12$4R3XTpztePCpbhuF34T8Ge56H4o59F4M3FHs6vL0gzzH25.SC70h2'),
(13, 'sarahhamilton@example.net', 'joneswillie', '$2b$12$N2Gy/tJgn5ekdhK/qAySPOQYMo6QEbfMfBvpLqzsT1JBCQtiv0exC'),
(14, 'saunderschelsea@example.com', 'colleen60', '$2b$12$dPeI.6Nsqlm955dKZF8PhuG4Da5jW1DpRbPlZ5.wgdU/m2qVoSvjK'),
(15, 'christopherturner@example.com', 'kathrynjohnson', '$2b$12$nX/mBJ1OfSutOUQ7IdK1s.aqUglFz2R64xJegDejtUVdDgJxKjTp2'),
(16, 'ruizsonia@example.com', 'jennifer89', '$2b$12$C22wtofWCqdWLVlLSwxCcOW./rjTkE9obmYNspyEbL4Qnpq64JBxS'),
(17, 'mmathews@example.net', 'yodersharon', '$2b$12$h7hM0/88VFv8OuEe5K3SeOc7z8MeiZGejuYIdFiSfTQWs/FMBNhs.'),
(18, 'ismith@example.com', 'morganadams', '$2b$12$ndC.Av7vkSYOE0ylfqQYNO9/zej4vmgfkRNXZ9S5vamYEBkzOMWhi'),
(19, 'malonejuan@example.org', 'angelaadams', '$2b$12$wbrXnZQzsqaNx9KdsX8UmeD9suG65Mr1yOdHcUQhi1dAQsa8DWwrC'),
(20, 'vmyers@example.org', 'phunter', '$2b$12$Qs02ARqLgQ/EjgSjfu6GFObYJiV9.Zz/TadDnjPI5MDCLylra4ZgK'),
(21, 'rachaeldennis@example.net', 'shepardrussell', '$2b$12$SuR5fhVCh5ea4C4HA6srFO6h8UaQS5kCEXsVxzenYKsvRgOr7ywui'),
(22, 'pscott@example.org', 'heatherdavis', '$2b$12$7vPhizwU6r0LVvOXeaPnEeHW1zHwdRZzo0s1NqFQOEKbNBPxFKs/q'),
(23, 'vmoore@example.org', 'morajoy', '$2b$12$zdzWMFd.GCq/65ct.6ZCXecSr6sqnl8gIRl65ZCjM7/5yMSmbiUBe'),
(24, 'deannawilliams@example.org', 'jamesbruce', '$2b$12$oRf9wO/BvVHQOCxx0SPgG.z13HEdx3BcjGmXFXx5/csGv.FJDFoxW'),
(25, 'johnsonerin@example.com', 'rachelalvarado', '$2b$12$QpXMjNuAhKtDaPH1rQKyNORijV6uGw.iDz0Nco6YULL0REwETRC26'),
(26, 'johnestes@example.org', 'jmeyer', '$2b$12$ef./Gef9cRsMAGJqJ0ElUuI/b0YEdH/SowSrgk142C2doEFXL.Zq2'),
(27, 'jonathanharris@example.net', 'jenniferallen', '$2b$12$EbTzYuavWdia9qP84AX5uue7Ddb3hPJ3A7/mMd7aCHQw9rohjHJda'),
(28, 'hawkinssean@example.net', 'ryanwiggins', '$2b$12$/C6jaIcOJ6Yzl2q2P4rdCe9KB9xJ0qDRJLyY74EmJqhjPoXxI9iPy'),
(29, 'cynthiajohnson@example.net', 'heather82', '$2b$12$JOVf5jWDWwQ2QycjfrSh0.CVqRXrGd5pjO.EMacsfeRCbXa5hjLwO'),
(30, 'dawnpope@example.com', 'davisnancy', '$2b$12$eGO6S9aljDMF0V3wmpXGW.g47NuHvSb4zTdUeT75Mj0rZMzGy8liu'),
(31, 'jeffrey78@example.com', 'whitneymelissa', '$2b$12$wcBfwJ8KAlRznj5CgQuyqu7wccpeuseANVRhTO/c00N3nKMfqwXfe'),
(32, 'gomezkatherine@example.com', 'jessicawalker', '$2b$12$Q0zCk7bzcKhRgCyI20MmaOmKTYqEd6J26/VlldcAGwfUgeQe9wuWu'),
(33, 'john72@example.com', 'jessica95', '$2b$12$EuOsIY9nd1xL8g4I7c0.FeIEU.ibu0lzfjRgtHdTNgqJKNYUJV2Cq'),
(34, 'owenssteven@example.net', 'michele61', '$2b$12$6hfvWnUSFKDFMRgSfFlSDepNTSm3ybiBYquNugXips71ym86uKOhC'),
(35, 'adampaul@example.com', 'gary65', '$2b$12$uXVuvE2Uk2Bsq38/VvJOXu.PBPXNegXSE5O1UBkQ4nM05r7rFYfj.'),
(36, 'vdean@example.net', 'edwardsrussell', '$2b$12$4P3jvSHCJNMFZY4L1.N/8eC9IvdyT.ocCJJ3FnnZ37FiH.Gd2r.qi'),
(37, 'sarah01@example.org', 'tcarroll', '$2b$12$uitMTC/uhOENXfiZOytMGeuxcb9Z.ZOCgOw0oiyRPaOCVfKH30JWq'),
(38, 'dclark@example.com', 'dorseymichelle', '$2b$12$2fHjywdjvF7dgMiO8T/XReCalSOHs8lJGWlfcU3z2oG/OCVLVcYgy'),
(39, 'lisa59@example.net', 'pattersontaylor', '$2b$12$pY5a0on6CLYhRy42TPTrl..WrQl.vJpmo5VNUtn7uXp2qszKLs1qq'),
(40, 'clarkesandra@example.org', 'kfuentes', '$2b$12$gTLwe1kliziM2n1yhWIOqe3srIlMRzbgc6u.RNMr8W66dHiIMsAri'),
(41, 'fmercado@example.org', 'laurasanford', '$2b$12$OKjUwhWkni767O3727g1vuEifUT2269DWihBAEStzezrtWDn0wmoq'),
(42, 'edwardsjoshua@example.net', 'daniel08', '$2b$12$.glaJhNibAGTxFLm3yh4heCrC7HZCbB1GXzHc/dHudQ/1jLQiiqLe'),
(43, 'dicksonjason@example.com', 'fdoyle', '$2b$12$D3UsFrxzxlE7bmh0MUoju.WLGVA8xTnXb1bopTch3sRNqZT5ox.86'),
(44, 'levi90@example.net', 'wthomas', '$2b$12$7treHqV7SbaLCMLtYD5bH.USGdYtpKO9LTyNLLrkvuwSBd7ob3a0u'),
(45, 'smithkathryn@example.net', 'ashlee62', '$2b$12$3SCgp22U8Rjf3pKjuEjYTOHgIMI4DXDnjvC58cQmMKDZjBLcdkYAC'),
(46, 'uking@example.net', 'lindsey85', '$2b$12$UpFUTZ1jOJz9WWWwYwPiZO7/ePaX0Brf9wTL0atoy03w2xIfvxpAC'),
(47, 'gallegosamy@example.com', 'jennifer32', '$2b$12$KjHg95oLrJFDFxtIh0mO7O8Grl2LdVeuCPxIBDGt9tGpfIo7gQ5AW'),
(48, 'stephen50@example.com', 'brendataylor', '$2b$12$Em46FQoerj/GlBCjC.Njou.gvVrENjDLASsiksogNKo15mZiYWDQG'),
(49, 'evansshawn@example.org', 'ashley00', '$2b$12$oJrX8KQQOTbZ.r5bfbUalueXEhvR9RoiYrc06GxCRm0iJKJ0cvR.m'),
(50, 'jennifer63@example.net', 'hoffmandominique', '$2b$12$ZPqYPMaRki.twVkvOlT4G.YdYlVDkDfwBpfAO00JquZLplTQDiUqe'),
(51, 'shart@example.org', 'zmeyer', '$2b$12$PEkMNxZyPWXGZ5rTN0OVXOXLV1NQ99tWGZ4aQKaR.EBekgIEwEYqu'),
(52, 'abrown@example.net', 'lvalencia', '$2b$12$hh6UkBXjbp228ogHiGZ5mezBLCVlM2/Gr0iIkiY3TAvMx422t1eR2'),
(53, 'bryanashley@example.org', 'hrichardson', '$2b$12$2QsTbA7m4YklP8I043HGAeN8T9PU9V.CzOMwOLN1tn9wy4p3cb.om'),
(54, 'zachary67@example.org', 'nataliehull', '$2b$12$HgziIB6wDehtNX0.KYm9huPaCTYhiVLkKG.pUo506nUTsYY85kCx2'),
(55, 'vjensen@example.net', 'stephenssamantha', '$2b$12$sVrXMYPYLbhgUKMkvC/Bjev1C8XDYNXu0D0UCVLK5QJPwCvddyZci'),
(56, 'mphelps@example.org', 'ltucker', '$2b$12$u0kiMk7m73js/3/5GpxvTenGXlpiFuL6pRUKohYqlqAncDu3W3HIy'),
(57, 'william91@example.org', 'kimberlypotts', '$2b$12$xEKzlfAEicBxeAON7aaHDeOfw20J/ffUexBnczkgbZqhJIqAKGnwK'),
(58, 'jarvisjames@example.com', 'warrenandre', '$2b$12$EoCP6kMZyMSw91abCg8kA.mwDLuv5t0GUzjyeZciTdCvJxadpKKHC'),
(59, 'matthew71@example.com', 'jarellano', '$2b$12$rWyI35ZgJbjLRk6wblsobuGu3CePMfO3ozojiq9B3hNeMiNQWZJje'),
(60, 'ywilliams@example.org', 'kennethrose', '$2b$12$cyNA4F1NY.acUb1cKkk2Ke3nN5Q/erN3I5xMeF7WdDTsO/dWUqEnm'),
(61, 'davidgolden@example.com', 'bennettbrandi', '$2b$12$ymlXttyqt6EVi9aHkO5/wuRZFd59jrmzNLPAYr/T4Poh9maWDK5SK'),
(62, 'josephhowell@example.com', 'pmiller', '$2b$12$cz4lYy0rAxSmrWS4Bc2K..fb5Qg2xVYhOIBU.IApZXIvW9GGLRrmu'),
(63, 'jacob16@example.com', 'linda03', '$2b$12$zkmi9zBarF6j3c8e4V6mluO6CEsYJ2F.IeLaGpHV9SpVaDQEr/h4.'),
(64, 'kathryn50@example.net', 'jamesbean', '$2b$12$TmMIXcqT0VEEUd7j1Sv8xe3bn1FQ99EBQ.mf8g7Axqexm/WpCuc/m'),
(65, 'amanda82@example.net', 'davidnovak', '$2b$12$pTfJFdk2NcCeiB7vfauMZuJeNfB0eHUIchc3zGJDTfJ8Lgny/vTtW'),
(66, 'karlkelly@example.org', 'tmendez', '$2b$12$E5aOc2T4GqC2NAGjk0tv8eNtQ7PQ9KcIVTVP9F30o44eAiHpFDvDS'),
(67, 'jeffreydavis@example.org', 'howellkari', '$2b$12$hJRsxGITrQmX9GMSmqBg7.Y7oyAmbHFQFSiP9NzAtXn40X5JxhhKS'),
(68, 'james74@example.net', 'garywilkinson', '$2b$12$gUBmetqmdYUbzYrTsPMKQeaUyiYyZUyVTOhs14VBepK5Fq/AcJ.JW'),
(69, 'daviessteven@example.net', 'elizabethalvarado', '$2b$12$K4ry32Z9APrEd1Bo3qo/8eZJYWBNGueamBfRsHUVw7ipjvZnPI0iG'),
(70, 'johnsonronald@example.net', 'sean00', '$2b$12$KN2RxK6QU.WTqrEe0ysmXOIxb4NGU.y/qILOwEBGW7FKCCnGHfwum'),
(71, 'johnlogan@example.org', 'mcintyrepatricia', '$2b$12$O/KuSZiEYUsuSUQujwPEEeEusaFAZZm7HR1oppERVI8lZRYpWxvi6'),
(72, 'flittle@example.org', 'osmith', '$2b$12$JbP0hd.fYQ7zfyKjnGEwB.Qq6oAWVIUqk8N5U4uzn4czFNyQkjoBe'),
(73, 'johnsonbrian@example.com', 'michelle23', '$2b$12$EUICXFAUMI3.HuzoF.wPt.12MVUseVvvQi7Kd3fTBHEcQp6CKxjou'),
(74, 'hatfieldlisa@example.com', 'jorge43', '$2b$12$jExmfX/9kYoKIYyS0ZNHeOncIhEWRK/v0nWCLM6j0FiOsN9KVUx2K'),
(75, 'clayamanda@example.org', 'patty23', '$2b$12$QisTopmOeHRK1RlPIgKp0eVXs26.xJUYft7YJu8JlWwxcTiUKz6S2'),
(76, 'sbaker@example.org', 'michelle61', '$2b$12$12.WL/xGb9UGG70Ejwcgy.Fdztrb2NsoY334imZ88VWc5AitDvAKS'),
(77, 'gina22@example.net', 'tnunez', '$2b$12$VH8TjhGKV3AoSMxucw4E/O0mc3M9XiYTtpc12sfz3qpYbkSYzuuEq'),
(78, 'margaretaustin@example.org', 'thomas92', '$2b$12$StpeSN91tg3wEczXRKz7peaL2gVuoAcJ1SeUH/ZMkni8X0FEa9aRG'),
(79, 'andrewsmonique@example.net', 'castillomarcus', '$2b$12$FX.d5jJo9paAxDEAUnJMQeqlaC8r3xwoPzkGq.YxsY/6megcVzIgu'),
(80, 'jennamoss@example.com', 'william29', '$2b$12$0aqchVSDJhTQFrIryC.nL.CAkGymexER63ek7ItuWvOEApsuZpJM6'),
(81, 'danielsadam@example.org', 'katiemoody', '$2b$12$ygeQvUpYuVQ8RSqWe1cDd.WBe/i1BI86eA7J6c/31Kceir.moVn8i'),
(82, 'bianca48@example.net', 'kevin94', '$2b$12$wH1XqnLhMVW4OO0c6FkwceQAr4GSyLj1HORGvzYVyhsSYDOvmAzFK'),
(83, 'kellytimothy@example.net', 'andersonnicholas', '$2b$12$5uqcSK4ZdAkv5X8APxrYL.7MF9/s8jolAkJVQPQ7jslE6anctC9Zm'),
(84, 'sara37@example.com', 'wmay', '$2b$12$38wq0IM5eDEyK9KrvVBYnOGnaq70OPf0Izo6oGY1lw1HwZ9E6gVTu'),
(85, 'sdaniel@example.net', 'xortiz', '$2b$12$.cGYUoKRBTfsHAT00TS8bOvvrao3aWd6q2p1DF0wVz3YDeXpKdKKi'),
(86, 'brittanyproctor@example.org', 'davisdesiree', '$2b$12$Q54IllpP4T90IaZIhqpwYuqT5XTbH8Oz.OfQObM8qJEyUIAVmIkJK'),
(87, 'ginariley@example.com', 'leenathan', '$2b$12$NICG2itro460wGO8Il6Iq.BdEM1UdOcMfToydkipC9ZlxyfFGPmIW'),
(88, 'mooremartin@example.org', 'carol55', '$2b$12$BcoJN/x7IdVpf4tPftSnUOe3ZbYPkHJDEyQEKZOyCivCuHy16aKJ2'),
(89, 'joneslauren@example.com', 'robert10', '$2b$12$N8nmM1mtU5PPU9z1KyVAzO5iBDnDkkjlnNzb7xMXSpZeDOMslSd2i'),
(90, 'thomasbrad@example.net', 'briannapeterson', '$2b$12$U4rTwic0jHZMpN5QiqAOr.CUELphpQAkNNeQHN5bUtSDFFwT3xhaK'),
(91, 'jasonswanson@example.net', 'sjefferson', '$2b$12$Qbdvi5MbL.mT401c6Zez2OCo0jfYi2CoigqCmiHIvkCFJk2mRrZMi'),
(92, 'nhunt@example.org', 'emily73', '$2b$12$Bh5Qp5IEG6fUrQOd8azxxuFVlkuC8VLI5sRwD.mr8l4ZYHfoytluS'),
(93, 'mendozabrenda@example.net', 'shawnpadilla', '$2b$12$VIwXWczFZW26i2FQhQq82OEax4Yl15ikdmV62ePhssIu96BucBlhm'),
(94, 'alexis70@example.net', 'lorianthony', '$2b$12$QrKc3r1TSh97McEzd.DZEe.BxscCu6WLvQEMyDecLTRWV.dmfYKf.'),
(95, 'juliamoore@example.com', 'sullivansavannah', '$2b$12$zIiE3GMwOKV/tJQaR/AT5OIePD0OrbHyIB/f1xRuGzvc19h9w4cEe'),
(96, 'psilva@example.net', 'sawyerjennifer', '$2b$12$EAa5oaWWTv9tC2uBQviFjONAx9ppHh6ymNEiVLupRH2uyUGoj3QRu'),
(97, 'xli@example.com', 'cskinner', '$2b$12$y7yz3BZ5oMhT31/J/XhnlesklsFxVGn6VMtRm3MGBjjnToFXuCIum'),
(98, 'reynoldssteven@example.com', 'robinsondale', '$2b$12$zbRRVeuq9u.fR78d4DZua.EtvExgapOHDmu0iHTkb3G2EftFIAvsG'),
(99, 'yvonnebarrera@example.com', 'gaguirre', '$2b$12$09HbjFfjH3xqqCNqGbFGBOYgYbDbg/UHWeJfJ2KOYmS/xstaXEIti'),
(100, 'teresaestrada@example.org', 'kathyjensen', '$2b$12$./DfSHkb6ZwF9YD4K.hQcej0NWgUIeaeBaMtv5hGiiAgL1nRtW17O'),
(101, 'charles44@example.net', 'kristinaroberts', '$2b$12$W0IyFdRaDx6vJnhLO6gAGOD2Tj1LqZEvHTNRuKi28YPYM/aHzg9ya'),
(102, 'waltersdennis@example.com', 'kelly08', '$2b$12$zJw0j4atHcL0el.uWn9AdewZQJrdJdgzjhnkmUFvmwz.oAxmjneJS'),
(103, 'gregory75@example.org', 'aaronjohnson', '$2b$12$cVMhWSzrwPDQsxwCMCmKvOyI9VhRcK7khg3YXEe0.2DQiYlRJB3qm'),
(104, 'baileylindsay@example.com', 'cristian45', '$2b$12$3uFz2FrGegvf/QvHgX5DQOzCF5b0q2.LFKTc2R8RTGe.G/cEdH04a'),
(105, 'anthony29@example.net', 'johnsdaniel', '$2b$12$ElFLrymLuC0j.rAYy1vj9e0Wh3lRhtd.nSDVEMjZgachrOYLZ.rd2'),
(106, 'natalielewis@example.org', 'lopezashley', '$2b$12$7Zkpq7VcUmbDV2u.6mHU5OAqmEibL8mjRtWpfpUuW6faHIPLXb/Mu'),
(107, 'lauradavis@example.org', 'nmiller', '$2b$12$Lbahe46h24GCaa0CvGGRP.qX9UvJLFvuj9yUh.ATc3ZdlW/OizESC'),
(108, 'michael47@example.com', 'gmurray', '$2b$12$wzifK1/2PWlZz.pyMz43oe7vyDcKvMC3x.6Ex.SnC2Efc6i.ohSnS'),
(109, 'ggordon@example.net', 'cthompson', '$2b$12$oA7BqgCmmw2Q0sItK91GMe9vSpvszTUxVZl8oSYL3cqAwMF7DT.pO'),
(110, 'markrowe@example.net', 'bianca14', '$2b$12$W.eB2yWBz83FttuxqyoVvetKKeRKqyGKYfF2LUAsY5rYFQfEuyBOm'),
(111, 'tgallegos@example.org', 'shepherdalexander', '$2b$12$lvCGf1xFfGfUIDfaHVRYXevTsbV0WhGP2DGk/YJI9Wv46O3Ub.baa'),
(112, 'mtaylor@example.net', 'ptorres', '$2b$12$WwZ10vVr0WCe1/SaLKjwuuR7KqaTOXvd8flRwEwfsf8ISXA6tctva'),
(113, 'michellecastillo@example.com', 'lisa20', '$2b$12$hXRQLj6mW6XyrOqf5zek8.VZq1pJxP1UY8iCANUXsMRYM8Tn9h.AO'),
(114, 'lindseymiller@example.com', 'smithkenneth', '$2b$12$1wT.DFouE.GWF5lu978SGua/oDyAKZXv/0hvcMY4z5cLrLg/5KV8u'),
(115, 'mwagner@example.net', 'angiefrank', '$2b$12$4hlBNarkF//qjM9JAiA13uqD6gqoGzH64p/kfl7rFEjX5yeCEb83.'),
(116, 'johnmcgee@example.org', 'stownsend', '$2b$12$bmWXH8wQLJBBZ1YJllABwO8rd0NX.Mxd83aUEHiESN2mZK619lcre'),
(117, 'ruthhayden@example.com', 'weeksautumn', '$2b$12$BoLmWlVwzbsoJxeuo5mtWuzXEokABsDbxWD5SfB4cULi0XUvkQhRG'),
(118, 'kimberlyryan@example.com', 'lewisjanet', '$2b$12$apvZMTTo9D6YASWiTfvnlewjZmEcBbvQx.0WZQFlLEEDkTaMPVqjS'),
(119, 'bgomez@example.org', 'elizabethhunter', '$2b$12$Wu9MHjoZCBRorgHdef5XjOD.3FTsQJMRIcfWAh59GCDM9fPGMrjii'),
(120, 'lindsaymcconnell@example.org', 'jillelliott', '$2b$12$DRdeoZFI971KaH26snrEMeNlM9WrVdD4qjvjwbCgcGl0sCUIfnUEK'),
(121, 'cathy63@example.net', 'karen16', '$2b$12$GHKh7lMd87j/qw1tD0Yguu.kveE/0YYfviXk/rdKHakPHoybN7KJe'),
(122, 'caseywright@example.com', 'nguyenjennifer', '$2b$12$00r5STgBSJabkyL3fe9v6uX9fATqJbRVq69afYCtJBzzifleN7Zly'),
(123, 'wward@example.org', 'ichapman', '$2b$12$mImWzTm5KdMGLWOP9167lOkl1gC2cfPFnfKDGDtQaM8OSLGPzv986'),
(124, 'miguel29@example.com', 'pbrown', '$2b$12$OBKYvdEGiR1OhIl4Rfrn4.Gdieo.U7KB5/e79o2du.WPkgKWHRaN6'),
(125, 'andersonjames@example.net', 'turnerjerry', '$2b$12$vjSTeti7kOFhCVFryLePgOdaLn7w5hb4sMoGPJQHhEJ12TWT8eHXW'),
(126, 'jenniferbeck@example.net', 'andrewlin', '$2b$12$lX.z0IN4qntlweY7cYrRI.kgtrZbi.Xz.8baVWvpf1pu7q4Ie9aIK'),
(127, 'stacy64@example.com', 'anthony04', '$2b$12$zeoRA9lcoH9WPgHyj6ZwGee2/WM3zVRM7CNB4INT8THi3lwl5uaTy'),
(128, 'mbell@example.net', 'yrose', '$2b$12$AI2MvtxYiw.fIg3gP8dQjOh8omQiqj6Wbp6LI52bfdNWdQ7NFkqge'),
(129, 'amandaoconnell@example.org', 'abrown', '$2b$12$3HAZZ8rhdQeZ9fuAZdLOwewmVNjnMdKScghyqIGyDs5XRe3lgV6ri'),
(130, 'daughertygabriela@example.org', 'john80', '$2b$12$fw49SEPehGfkRq1xPCiiuOWVzbHYx8VcT5Xe1nanLKfWmucV.8VDW'),
(131, 'collinsmonica@example.net', 'scott53', '$2b$12$5flPbp6itEgTDs8IHIxvdOXqLPA87a.t/FjQ0EvAoKH2CDT3DZYCe'),
(132, 'sharper@example.net', 'salazarsusan', '$2b$12$RZUBTbDhWSWUwd0Rm7pWguqzItg3GuB8UJLVEpZ/7UJzkdEN1qL46'),
(133, 'juan30@example.net', 'tammyperez', '$2b$12$jNEQiK6uebwFAWkclXoYxODNzGKeN0Ji4rvKuq7u7KbrnX1cWVaiK'),
(134, 'bjacobs@example.com', 'qhuynh', '$2b$12$sJ7W8SJbBACHynH5GyMUPOrKczN393/W8pcFP0ZAvqALNV.qw/Xq6'),
(135, 'stacymurphy@example.org', 'mirandasmith', '$2b$12$DarnDB.bjOI3jkO5RFIHS.MQmfaBz4dm7KhKMlifQ/U7nsFzDiEMu'),
(136, 'smithlinda@example.org', 'juliacooper', '$2b$12$r41diIoaJbH3e5f2k3Mh9.VQoU1CcDkEmqc4kBIg48h5i24dXlrVG'),
(137, 'katherinepadilla@example.com', 'longisaiah', '$2b$12$ac/ghG54pBgdk02Ql.NQGOcPV7b4b.v3VtGbZA1WGMnqLSZuEjd8i'),
(138, 'douglas10@example.org', 'ruizmatthew', '$2b$12$8.9jg2Czr9JpqPHZjauYIuagb0m9zPfcjSd2Ksa.zIMMFJcMiHI5C'),
(139, 'melissafaulkner@example.org', 'yvette85', '$2b$12$eokqpb151dhJvt8QMJrCxuFbqSbKm2lqel7ace36Xbagp8wKTNe8y'),
(140, 'davidsonmichael@example.net', 'joseph94', '$2b$12$iC0gWsNapxC1hTj57oHzn.APHO5K3QQjwCuvRFuNxLXSOi9n9MPva'),
(141, 'byrdangela@example.org', 'claudia43', '$2b$12$cp3qXnSJE/4YjDVxifUB7OJVNGTc13/sFxQWArVSPTp5I2R4jUEQa'),
(142, 'vincentmoore@example.org', 'ubrock', '$2b$12$Mzc08X1GDSNzmajAvPCFDOUAXd3p/3VoNlaSUT8lwtaSLm3P/UC2O'),
(143, 'paullozano@example.org', 'scott99', '$2b$12$6gMDt99d6gKqxIefHTpKzeuMpgkec9XhlXrtDZi2IROKlJLSGR9xW'),
(144, 'shaffershawn@example.org', 'donna50', '$2b$12$tG2t9YdQAqsSeZvJvDJfleXgRN7GUDRsOzpSAJocu78dJanfY3jzS'),
(145, 'karenturner@example.net', 'carmenclark', '$2b$12$NK17XhqoWCc.d2NU143u6OMHa3.6yBfFlLSN3zMWEaYxVxL3CH66e'),
(146, 'paul59@example.org', 'zruiz', '$2b$12$sU2W/KtS.baesHtOeVAWT.EgQcJswwiGw2HmZEvOxMS196ITSh0li');

--
-- Indexes for dumped tables
--

--
-- Indeks untuk tabel `route`
--
ALTER TABLE `route`
  ADD PRIMARY KEY (`idRoute`),
  ADD KEY `fk_transport` (`idTransport`);

--
-- Indeks untuk tabel `schedule`
--
ALTER TABLE `schedule`
  ADD PRIMARY KEY (`idSchedule`),
  ADD KEY `fk_route` (`idRoute`);

--
-- Indeks untuk tabel `ticket`
--
ALTER TABLE `ticket`
  ADD PRIMARY KEY (`idTicket`),
  ADD KEY `fk_user` (`idUser`),
  ADD KEY `fk_schedule` (`idSchedule`);

--
-- Indeks untuk tabel `transaction`
--
ALTER TABLE `transaction`
  ADD PRIMARY KEY (`idTransaction`),
  ADD KEY `fk_ticket` (`idTicket`);

--
-- Indeks untuk tabel `transport`
--
ALTER TABLE `transport`
  ADD PRIMARY KEY (`idTransport`),
  ADD KEY `fk_transportType` (`idTransportType`);

--
-- Indeks untuk tabel `transporttype`
--
ALTER TABLE `transporttype`
  ADD PRIMARY KEY (`idTransportType`);

--
-- Indeks untuk tabel `users`
--
ALTER TABLE `users`
  ADD PRIMARY KEY (`idUser`);

--
-- AUTO_INCREMENT untuk tabel yang dibuang
--

--
-- AUTO_INCREMENT untuk tabel `route`
--
ALTER TABLE `route`
  MODIFY `idRoute` int(11) NOT NULL AUTO_INCREMENT, AUTO_INCREMENT=63;

--
-- AUTO_INCREMENT untuk tabel `schedule`
--
ALTER TABLE `schedule`
  MODIFY `idSchedule` int(11) NOT NULL AUTO_INCREMENT, AUTO_INCREMENT=1001;

--
-- AUTO_INCREMENT untuk tabel `ticket`
--
ALTER TABLE `ticket`
  MODIFY `idTicket` int(11) NOT NULL AUTO_INCREMENT, AUTO_INCREMENT=319;

--
-- AUTO_INCREMENT untuk tabel `transaction`
--
ALTER TABLE `transaction`
  MODIFY `idTransaction` int(11) NOT NULL AUTO_INCREMENT, AUTO_INCREMENT=263;

--
-- AUTO_INCREMENT untuk tabel `transport`
--
ALTER TABLE `transport`
  MODIFY `idTransport` int(11) NOT NULL AUTO_INCREMENT, AUTO_INCREMENT=14;

--
-- AUTO_INCREMENT untuk tabel `transporttype`
--
ALTER TABLE `transporttype`
  MODIFY `idTransportType` int(11) NOT NULL AUTO_INCREMENT, AUTO_INCREMENT=4;

--
-- AUTO_INCREMENT untuk tabel `users`
--
ALTER TABLE `users`
  MODIFY `idUser` int(11) NOT NULL AUTO_INCREMENT, AUTO_INCREMENT=147;

--
-- Ketidakleluasaan untuk tabel pelimpahan (Dumped Tables)
--

--
-- Ketidakleluasaan untuk tabel `route`
--
ALTER TABLE `route`
  ADD CONSTRAINT `fk_transport` FOREIGN KEY (`idTransport`) REFERENCES `transport` (`idTransport`);

--
-- Ketidakleluasaan untuk tabel `schedule`
--
ALTER TABLE `schedule`
  ADD CONSTRAINT `fk_route` FOREIGN KEY (`idRoute`) REFERENCES `route` (`idRoute`);

--
-- Ketidakleluasaan untuk tabel `ticket`
--
ALTER TABLE `ticket`
  ADD CONSTRAINT `fk_schedule` FOREIGN KEY (`idSchedule`) REFERENCES `schedule` (`idSchedule`),
  ADD CONSTRAINT `fk_user` FOREIGN KEY (`idUser`) REFERENCES `users` (`idUser`);

--
-- Ketidakleluasaan untuk tabel `transaction`
--
ALTER TABLE `transaction`
  ADD CONSTRAINT `fk_ticket` FOREIGN KEY (`idTicket`) REFERENCES `ticket` (`idTicket`);

--
-- Ketidakleluasaan untuk tabel `transport`
--
ALTER TABLE `transport`
  ADD CONSTRAINT `fk_transportType` FOREIGN KEY (`idTransportType`) REFERENCES `transporttype` (`idTransportType`);
COMMIT;

/*!40101 SET CHARACTER_SET_CLIENT=@OLD_CHARACTER_SET_CLIENT */;
/*!40101 SET CHARACTER_SET_RESULTS=@OLD_CHARACTER_SET_RESULTS */;
/*!40101 SET COLLATION_CONNECTION=@OLD_COLLATION_CONNECTION */;
